ID,age,gender,hand,ipd,vision,height,trial,sphereOne,sphereTwo,sphereThree,sphereFour,sphereFive,sphereSix,sphereSeven,sphereEight,sphereDistance, sphereAverageRadius,probeStartingRadius,probeAnswerRadius,probeScaleFactor,probeResponseTime,probeResponseOverTimeLimit
1,22,male,right,60,correctiveLenses,1.582517147064209,1,(1.5081702633739005;1.5561919371942106;6;0.29725352520065873),(1.0665998687417884;2.6491170158059973;6;0.3076979218240486),(0.1052206649956385;3.0872427604761277;6;0.34942279341361315),(-1.0478226860003517;2.66756930189503;6;0.3204053615314668),(-1.5047256134119187;1.4772964820685703;6;0.17414386012394867),(-1.0850521548308212;0.5346944610638575;6;0.3836639068521529),(0.13146572236056717;0.07985706446261998;6;0.28441940096504087),(1.066599868741788;0.5159172783224204;6;0.3862578756350111),6,0.3129080806932426,0.26950652388816,0.3275868642018328,1.2155062500000002,4.699625500000025,0
1,22,male,right,60,correctiveLenses,1.582517147064209,2,(1.502660082601589;1.7139828694247765;18;0.38392926367439095),(1.1031739235223568;2.6112434733824816;18;0.28842921296877533),(0.07894355639685667;3.088849937288008;18;0.17065935294205115),(-1.1555014380006663;2.552097977515385;18;0.4226467768366954),(-1.502660082601589;1.7139828694247765;18;0.31517764067747156),(-1.1031739235223568;0.5537908207459366;18;0.163222379834277),(0.07894355639685664;0.07618435684040992;18;0.4000974970275846),(1.009316606631701;0.46155749231410703;18;0.194239140721742),18,0.29230015808537346,0.3558867420174198,0.33893975430230455,0.9523809523809523,3.0554903999999965,0
1,22,male,right,60,correctiveLenses,1.582517147064209,3,(1.5084;1.582517147064209;18;0.41419289899188017),(0.9695808304511759;2.7380185850648755;18;0.3171075055092335),(0.1052206649956385;3.0872427604761277;18;0.25280181317580963),(-1.1209596547501013;2.591833753695911;18;0.24208464915542874),(-1.506332790223799;1.6614607034610653;18;0.346015413668473),(-1.0850521548308212;0.5346944610638575;18;0.29226784885796),(0.05264240082605293;0.07503602358860495;18;0.2801304336562682),(1.103173923522357;0.5537908207459366;18;0.3336935574223948),18,0.309786765054681,0.11466156343805081,0.30423126313845184,2.6532977051444226,1.8666624999999613,0
1,22,male,right,60,correctiveLenses,1.582517147064209,4,(1.507481123475604;1.5298747462381566;18;0.2381184122905485),(1.0850521548308214;2.6303398330645607;18;0.4032996603573947),(0.07894355639685667;3.088849937288008;18;0.2149550263520604),(-1.0665998687417881;2.6491170158059973;18;0.21895566853691073),(-1.502660082601589;1.4510514247036417;18;0.4259101331412823),(-1.0478226860003514;0.4974649922333876;18;0.18457598560297156),(-2.770885847750801e-16;0.07411714706420902;18;0.20795665880251105),(0.9895994393292808;0.4441132162561794;18;0.20253148090071807),18,0.26203787824804964,0.242004626973925,0.20905269579866104,0.863837598531476,2.1328664000000117,0
1,22,male,right,60,correctiveLenses,1.582517147064209,5,(1.5084;1.582517147064209;18;0.29066688180661976),(1.0478226860003514;2.66756930189503;18;0.24086149975461646),(0.1052206649956385;3.0872427604761277;18;0.3089179978285342),(-1.1031739235223568;2.6112434733824816;18;0.2043048131985619),(-1.507481123475604;1.5298747462381566;18;0.27985211813068833),(-1.1384039308080294;0.5929177077349281;18;0.19484846107609483),(0.13146572236056717;0.07985706446261998;18;0.2045750152774337),(1.066599868741788;0.5159172783224204;18;0.40749213600350487),18,0.2664398653845067,0.3131572989994641,0.24536693798666706,0.7835261664684589,1.1001322000000187,0
1,22,male,right,60,correctiveLenses,1.582517147064209,6,(1.5081702633739005;1.5561919371942106;6;0.2964418139547652),(1.1555014380006665;2.552097977515385;6;0.3463856157817536),(-0.07894355639685649;3.088849937288008;6;0.21095824907541036),(-1.0665998687417881;2.6491170158059973;6;0.3142534864827277),(-1.502660082601589;1.4510514247036417;6;0.3647916836313152),(-0.9695808304511762;0.4270157090635427;6;0.37271701842092714),(0.13146572236056717;0.07985706446261998;6;0.3348072418479171),(1.103173923522357;0.5537908207459366;6;0.3255907413965794),6,0.32074323132392446,0.2510111309632948,0.3894006499880378,1.5513282159785162,2.066698200000019,0
1,22,male,right,60,correctiveLenses,1.582517147064209,7,(1.5047256134119187;1.6877378120598476;18;0.15906512725124072),(1.0093166066317016;2.7034768018143103;18;0.31859272249492154),(-0.10522066499563865;3.0872427604761277;18;0.19976600050069337),(-1.1209596547501013;2.591833753695911;18;0.35024686761166424),(-1.507481123475604;1.6351595478902616;18;0.259060078687271),(-1.0478226860003514;0.4974649922333876;18;0.33517656425119036),(-0.1314657223605677;0.07985706446261998;18;0.36842586734220883),(1.085052154830821;0.5346944610638571;18;0.16234140774720082),18,0.26908432948579886,0.1073758022284351,0.22322658103959572,2.0789281794113683,1.3666549000000145,0
1,22,male,right,60,correctiveLenses,1.582517147064209,8,(1.5081702633739005;1.5561919371942106;12;0.18713219284252042),(1.0093166066317016;2.7034768018143103;12;0.31055587136124163),(-0.07894355639685649;3.088849937288008;12;0.3156025392993188),(-1.0093166066317016;2.7034768018143103;12;0.16093830024422878),(-1.5047256134119187;1.6877378120598479;12;0.3657129769116737),(-1.0093166066317016;0.4615574923141075;12;0.26768708743973213),(-0.05264240082605215;0.07503602358860495;12;0.22126723782512434),(1.103173923522357;0.5537908207459366;12;0.2045500245295049),12,0.2541807788066681,0.41301523288429043,0.18920703694225477,0.45811152199139993,1.9443571000000475,0
1,22,male,right,60,correctiveLenses,1.582517147064209,9,(1.5047256134119187;1.6877378120598476;18;0.22417460934392686),(1.0093166066317016;2.7034768018143103;18;0.20479488801886947),(-0.10522066499563865;3.0872427604761277;18;0.36551400649101035),(-1.0665998687417881;2.6491170158059973;18;0.3291557050284693),(-1.502660082601589;1.4510514247036417;18;0.35219360078316503),(-1.0287263263182729;0.4793432235418522;18;0.34526150763935903),(0.10522066499563848;0.07779153365229008;18;0.27266029237584477),(1.009316606631701;0.46155749231410703;18;0.15371732008333525),18,0.2809339912204975,0.17771162167510893,0.38792218301473996,2.1828745883819374,3.033346100000017,0
1,22,male,right,60,correctiveLenses,1.582517147064209,10,(1.5047256134119187;1.4772964820685703;18;0.4159530324426193),(1.0287263263182727;2.6856910705865658;18;0.21644522475173822),(0.07894355639685667;3.088849937288008;18;0.28984126524046655),(-1.0665998687417881;2.6491170158059973;18;0.34179775350884023),(-1.502660082601589;1.7139828694247765;18;0.41996333686349385),(-1.1031739235223568;0.5537908207459366;18;0.16379217411079838),(-0.1314657223605677;0.07985706446261998;18;0.2604817471244598),(1.103173923522357;0.5537908207459366;18;0.38473382502758635),18,0.31162604488375034,0.36129987529477836,0.25676907595034004,0.7106813301301212,1.1666730999999686,0
1,22,male,right,60,correctiveLenses,1.582517147064209,11,(1.5081702633739005;1.6088423569342074;18;0.16008161051801975),(1.0287263263182727;2.6856910705865658;18;0.3486061348700966),(-0.13146572236056767;3.085177229665798;18;0.41829723324480983),(-1.0665998687417881;2.6491170158059973;18;0.30169950375413235),(-1.506332790223799;1.6614607034610653;18;0.3368715048395312),(-1.0093166066317016;0.4615574923141075;18;0.2223808225618317),(-0.1314657223605677;0.07985706446261998;18;0.3127567383023264),(0.9895994393292808;0.4441132162561794;18;0.21664411596394817),18,0.28966720800683704,0.36058980942829205,0.37861929989970666,1.05,1.522205299999996,0
1,22,male,right,60,correctiveLenses,1.582517147064209,12,(1.507481123475604;1.6351595478902614;18;0.16350848908032645),(0.9895994393292812;2.720921077872238;18;0.41557760998955634),(-0.07894355639685649;3.088849937288008;18;0.17700059556049869),(-1.1031739235223568;2.6112434733824816;18;0.41801422605082),(-1.507481123475604;1.6351595478902616;18;0.36116584017115766),(-1.1555014380006665;0.6129363166130332;18;0.2580379449861404),(-2.770885847750801e-16;0.07411714706420902;18;0.23464740364983716),(1.009316606631701;0.46155749231410703;18;0.2903417047772965),18,0.28978672678320416,0.12895716523367248,0.2680926847412898,2.0789281794113688,2.7666452999999933,0
1,22,male,right,60,correctiveLenses,1.582517147064209,13,(1.506332790223799;1.6614607034610656;12;0.24427143567535348),(1.0665998687417884;2.6491170158059973;12;0.15859216792166703),(0.02632520986999858;3.0906874104381092;12;0.31312939240225834),(-1.0093166066317016;2.7034768018143103;12;0.36367345554731056),(-1.502660082601589;1.4510514247036417;12;0.3357309585702106),(-1.1209596547501015;0.5732005404325073;12;0.39460780594013833),(-0.07894355639685718;0.07618435684040992;12;0.3723232451967093),(1.0478226860003514;0.4974649922333878;12;0.22711467682808706),12,0.30118039226021687,0.27596086646485024,0.33543215794344095,1.2155062500000002,1.6134562999999957,0
1,22,male,right,60,correctiveLenses,1.582517147064209,14,(1.5084;1.582517147064209;12;0.38774201292846827),(1.1031739235223568;2.6112434733824816;12;0.19930575530089006),(0.02632520986999858;3.0906874104381092;12;0.3367960860383028),(-1.1555014380006663;2.552097977515385;12;0.2616785746348919),(-1.506332790223799;1.5035735906673529;12;0.2388960939692696),(-1.1031739235223568;0.5537908207459366;12;0.4267320737679168),(-0.026325209869998426;0.07434688369030851;12;0.2612732475985126),(1.066599868741788;0.5159172783224204;12;0.24986315925122454),12,0.29528587543618456,0.3341800925928471,0.35088909722248945,1.05,1.277642300000025,0
1,22,male,right,60,correctiveLenses,1.582517147064209,15,(1.506332790223799;1.6614607034610656;6;0.22464028863797786),(1.1555014380006665;2.552097977515385;6;0.22488153332450558),(-0.026325209869998395;3.0906874104381092;6;0.41763267958259315),(-1.1384039308080294;2.57211658639349;6;0.2354074382933809),(-1.502660082601589;1.7139828694247765;6;0.412784966495409),(-1.0665998687417886;0.5159172783224208;6;0.3276150820856365),(0.02632520986999787;0.07434688369030851;6;0.30189571427736717),(1.085052154830821;0.5346944610638571;6;0.30039693878818174),6,0.3056568301856315,0.4126571822283811,0.4549545434067902,1.1025,4.932932600000015,0
1,22,male,right,60,correctiveLenses,1.582517147064209,16,(1.507481123475604;1.5298747462381566;12;0.3841013648352627),(1.0093166066317016;2.7034768018143103;12;0.34997402793042365),(0.02632520986999858;3.0906874104381092;12;0.3257759547736149),(-1.1209596547501013;2.591833753695911;12;0.2890089792286137),(-1.5081702633739005;1.5561919371942103;12;0.2977702949412664),(-1.0093166066317016;0.4615574923141075;12;0.3849034157036727),(0.07894355639685664;0.07618435684040992;12;0.3557854033708323),(1.0478226860003514;0.4974649922333878;12;0.23556975663469482),12,0.3278611496772976,0.29915962753316006,0.5116644853293806,1.7103393581163142,2.6995952999999986,0
1,22,male,right,60,correctiveLenses,1.582517147064209,17,(1.506332790223799;1.6614607034610656;18;0.4221472591771118),(0.9895994393292812;2.720921077872238;18;0.24901770585306182),(0.07894355639685667;3.088849937288008;18;0.15925592566564215),(-1.0665998687417881;2.6491170158059973;18;0.34410672660922464),(-1.5084;1.5825171470642092;18;0.31308002096607845),(-1.1384039308080294;0.5929177077349281;18;0.17243446058104162),(-0.1314657223605677;0.07985706446261998;18;0.27174816872339347),(0.9895994393292808;0.4441132162561794;18;0.1659336199193998),18,0.2622154859368692,0.33465403594231274,0.38740387835771983,1.1576250000000001,2.1220563999999627,0
1,22,male,right,60,correctiveLenses,1.582517147064209,18,(1.5081702633739005;1.5561919371942106;6;0.19513031488190025),(1.0093166066317016;2.7034768018143103;6;0.15401799534345498),(0.07894355639685667;3.088849937288008;6;0.21083008464841574),(-1.1555014380006663;2.552097977515385;6;0.3742182385235774),(-1.507481123475604;1.5298747462381566;6;0.2854146180145032),(-1.0093166066317016;0.4615574923141075;6;0.40874026775884215),(-0.10522066499563902;0.0777915336522903;6;0.22827489646041632),(1.0478226860003514;0.4974649922333878;6;0.28075606740378),6,0.26717281037936125,0.14031063607836286,0.3215945480739224,2.2920183178010345,4.987210299999958,0
1,22,male,right,60,correctiveLenses,1.582517147064209,19,(1.506332790223799;1.5035735906673524;12;0.2451124618621463),(1.0850521548308214;2.6303398330645607;12;0.2729788379378047),(-0.05264240082605244;3.0899982705398132;12;0.1823539339935336),(-1.0478226860003517;2.66756930189503;12;0.3136889581001348),(-1.507481123475604;1.6351595478902616;12;0.2886949556295042),(-1.0478226860003514;0.4974649922333876;12;0.2307810867579454),(0.07894355639685664;0.07618435684040992;12;0.28672278312326854),(1.0287263263182729;0.47934322354185244;12;0.17841317422615618),12,0.2498432739538117,0.149664864436266,0.3111425041443358,2.0789281794113688,1.6556501999999682,0
1,22,male,right,60,correctiveLenses,1.582517147064209,20,(1.5047256134119187;1.4772964820685703;18;0.18808849580576706),(1.0093166066317016;2.7034768018143103;18;0.21107838466958684),(0.05264240082605263;3.0899982705398132;18;0.22565882033081514),(-0.9695808304511759;2.7380185850648755;18;0.3390480614044245),(-1.502660082601589;1.7139828694247765;18;0.26556385687482925),(-0.9695808304511762;0.4270157090635427;18;0.22495452083587272),(-0.10522066499563902;0.0777915336522903;18;0.42485748382068467),(1.155501438000666;0.6129363166130327;18;0.38270532464754947),18,0.2827443685486912,0.46792357926044564,0.260557357779789,0.5568374181775592,1.9664459999999622,0
1,22,male,right,60,correctiveLenses,1.582517147064209,21,(1.5081702633739005;1.6088423569342074;18;0.32910272470942314),(1.1384039308080294;2.57211658639349;18;0.19250254518476734),(-0.05264240082605244;3.0899982705398132;18;0.38591452278821714),(-1.1555014380006663;2.552097977515385;18;0.35854734379616243),(-1.5047256134119187;1.4772964820685703;18;0.3275995711702898),(-0.9695808304511762;0.4270157090635427;18;0.17097788793560195),(-0.10522066499563902;0.0777915336522903;18;0.40092176970067656),(1.0287263263182729;0.47934322354185244;18;0.28950773816433895),18,0.30688426293118465,0.33599766090237204,0.2387872645707072,0.7106813301301212,1.8891404999999963,0
1,22,male,right,60,correctiveLenses,1.582517147064209,22,(1.507481123475604;1.6351595478902614;12;0.1937925011780594),(1.0287263263182727;2.6856910705865658;12;0.39892354677072994),(0.1052206649956385;3.0872427604761277;12;0.3551191114504292),(-0.989599439329281;2.720921077872238;12;0.27790415993675915),(-1.502660082601589;1.4510514247036417;12;0.24848009855181363),(-1.0093166066317016;0.4615574923141075;12;0.26723951470611496),(0.10522066499563848;0.07779153365229008;12;0.3777339030873661),(0.9695808304511758;0.42701570906354247;12;0.4267650636819645),12,0.31824473742040466,0.12672600088713742,0.3892419222173044,3.071523755917813,1.5015280999999732,0
1,22,male,right,60,correctiveLenses,1.582517147064209,23,(1.502660082601589;1.4510514247036415;6;0.21669333513341255),(0.9895994393292812;2.720921077872238;6;0.16946509626182243),(-0.07894355639685649;3.088849937288008;6;0.42054671512756014),(-1.0478226860003517;2.66756930189503;6;0.41735939172549497),(-1.5047256134119187;1.6877378120598479;6;0.19043658414271308),(-1.1209596547501015;0.5732005404325073;6;0.2899874552697399),(-0.026325209869998426;0.07434688369030851;6;0.2563573664497702),(1.085052154830821;0.5346944610638571;6;0.41318942700208117),6,0.2967544213890743,0.41782391898523014,0.16534711279622946,0.3957339570166504,1.7555121000000327,0
1,22,male,right,60,correctiveLenses,1.582517147064209,24,(1.5047256134119187;1.6877378120598476;12;0.31051259301823364),(1.1384039308080294;2.57211658639349;12;0.42684005392204283),(-0.05264240082605244;3.0899982705398132;12;0.23069752542272395),(-1.1209596547501013;2.591833753695911;12;0.24359186926071746),(-1.5084;1.5825171470642092;12;0.2532114725492098),(-1.0093166066317016;0.4615574923141075;12;0.32501763394440536),(0.13146572236056717;0.07985706446261998;12;0.3804752424900666),(1.103173923522357;0.5537908207459366;12;0.3886058527741102),12,0.3198690304226887,0.19028406264441255,0.34172283764115957,1.79585632602213,1.0333684999999946,0
1,22,male,right,60,correctiveLenses,1.582517147064209,25,(1.507481123475604;1.6351595478902614;12;0.34531416289403893),(0.9695808304511759;2.7380185850648755;12;0.18762924859520422),(-0.07894355639685649;3.088849937288008;12;0.19467867630936897),(-1.0093166066317016;2.7034768018143103;12;0.2717289474201166),(-1.5047256134119187;1.6877378120598479;12;0.2000144613244521),(-1.0850521548308212;0.5346944610638575;12;0.3059379119703892),(0.07894355639685664;0.07618435684040992;12;0.3764577857060751),(1.0478226860003514;0.4974649922333878;12;0.24683229402409668),12,0.26607418603046773,0.48492079853520664,0.2700220454769448,0.5568374181775592,2.04443550000002,0
1,22,male,right,60,correctiveLenses,1.582517147064209,26,(1.5081702633739005;1.5561919371942106;18;0.2963431217279934),(1.0093166066317016;2.7034768018143103;18;0.24570294765645484),(9.236286159169338e-17;3.090917147064209;18;0.1734407775319554),(-1.0665998687417881;2.6491170158059973;18;0.23284529760355493),(-1.502660082601589;1.7139828694247765;18;0.36761105999595334),(-1.1031739235223568;0.5537908207459366;18;0.41324070233086546),(0.10522066499563848;0.07779153365229008;18;0.17539255042699892),(1.0287263263182729;0.47934322354185244;18;0.3217936058769555),18,0.2782962578938415,0.29821010734136205,0.2225289735307857,0.7462153966366274,2.4665238000000045,0
1,22,male,right,60,correctiveLenses,1.582517147064209,27,(1.502660082601589;1.7139828694247765;12;0.3691061548933297),(1.1384039308080294;2.57211658639349;12;0.35975776563247286),(-0.10522066499563865;3.0872427604761277;12;0.1833587667075301),(-0.989599439329281;2.720921077872238;12;0.283782241276382),(-1.502660082601589;1.7139828694247765;12;0.24168237825449895),(-1.1555014380006665;0.6129363166130332;12;0.3974691473618617),(0.02632520986999787;0.07434688369030851;12;0.36915604547777425),(1.103173923522357;0.5537908207459366;12;0.21234751482249398),12,0.30208250180329294,0.3235678971390861,0.3235678971390861,1.0,2.1777538999999706,0
1,22,male,right,60,correctiveLenses,1.582517147064209,28,(1.502660082601589;1.4510514247036415;18;0.16411208902261115),(0.9895994393292812;2.720921077872238;18;0.4103455892184452),(0.13146572236056753;3.085177229665798;18;0.3069513546701701),(-1.1209596547501013;2.591833753695911;18;0.22891966144905956),(-1.507481123475604;1.5298747462381566;18;0.18795879789359599),(-1.0093166066317016;0.4615574923141075;18;0.23389424684647303),(-0.07894355639685718;0.07618435684040992;18;0.16741943079617078),(0.9895994393292808;0.4441132162561794;18;0.16244067841184956),18,0.23275523103854692,0.4674568743960644,0.2733123530004589,0.5846792890864372,4.033277799999951,0
1,22,male,right,60,correctiveLenses,1.582517147064209,29,(1.507481123475604;1.5298747462381566;6;0.18297599021230418),(1.0665998687417884;2.6491170158059973;6;0.29012434288330335),(0.1052206649956385;3.0872427604761277;6;0.34354684950242786),(-1.0478226860003517;2.66756930189503;6;0.27539074115322854),(-1.5081702633739005;1.6088423569342074;6;0.3650064042079164),(-0.9895994393292812;0.4441132162561796;6;0.22970471755374994),(0.02632520986999787;0.07434688369030851;6;0.2499367917556578),(1.0478226860003514;0.4974649922333878;6;0.17757526961483888),6,0.26428263836042837,0.49128798306842614,0.287245908677157,0.5846792890864372,1.8223649999999907,0
1,22,male,right,60,correctiveLenses,1.582517147064209,30,(1.502660082601589;1.4510514247036415;12;0.2717233138365739),(0.9895994393292812;2.720921077872238;12;0.3580158395483151),(0.07894355639685667;3.088849937288008;12;0.27326081017583004),(-1.0850521548308216;2.63033983306456;12;0.41132145803046993),(-1.5081702633739005;1.6088423569342074;12;0.4225484774615918),(-1.0665998687417886;0.5159172783224208;12;0.35689761115801577),(-0.026325209869998426;0.07434688369030851;12;0.1723710600212172),(1.066599868741788;0.5159172783224204;12;0.3831716377555816),12,0.3311637759984495,0.4094421724051778,0.5486916703282085,1.3400956406250004,2.177547000000004,0
1,22,male,right,60,correctiveLenses,1.582517147064209,31,(1.5084;1.582517147064209;12;0.23367645784691993),(0.9695808304511759;2.7380185850648755;12;0.24346132320251432),(-0.10522066499563865;3.0872427604761277;12;0.29550383712472617),(-1.1209596547501013;2.591833753695911;12;0.40182694665485497),(-1.502660082601589;1.7139828694247765;12;0.22353858199781865),(-1.0093166066317016;0.4615574923141075;12;0.3133691568409697),(-0.026325209869998426;0.07434688369030851;12;0.3455050014550927),(1.066599868741788;0.5159172783224204;12;0.2857426636613988),12,0.2928279960980369,0.326089812763978,0.26827489596534604,0.8227024747918816,2.5106537000000344,0
1,22,male,right,60,correctiveLenses,1.582517147064209,32,(1.5047256134119187;1.6877378120598476;12;0.2479036211311652),(0.9895994393292812;2.720921077872238;12;0.2906039435559447),(-0.07894355639685649;3.088849937288008;12;0.27430186091895403),(-1.1031739235223568;2.6112434733824816;12;0.25560302803607365),(-1.507481123475604;1.6351595478902616;12;0.3043075721111927),(-1.1031739235223568;0.5537908207459366;12;0.38323707417291764),(0.10522066499563848;0.07779153365229008;12;0.3497338801403439),(0.9895994393292808;0.4441132162561794;12;0.39560763074939337),12,0.31266232635199814,0.39158287502094097,0.22895039698566694,0.5846792890864372,0.9333953999999949,0
1,22,male,right,60,correctiveLenses,1.582517147064209,33,(1.5081702633739005;1.6088423569342074;12;0.27547481745437213),(0.9895994393292812;2.720921077872238;12;0.32771920439943575),(-0.10522066499563865;3.0872427604761277;12;0.4076172020320497),(-1.0093166066317016;2.7034768018143103;12;0.1596830586922168),(-1.507481123475604;1.5298747462381566;12;0.4072244587778607),(-1.0093166066317016;0.4615574923141075;12;0.15778415838965593),(-0.10522066499563902;0.0777915336522903;12;0.33399726668178414),(1.103173923522357;0.5537908207459366;12;0.17813404080871864),12,0.2809542759045117,0.25017565931507024,0.36962338975856857,1.477455443789063,1.933443699999998,0
1,22,male,right,60,correctiveLenses,1.582517147064209,34,(1.502660082601589;1.4510514247036415;12;0.41799825358858134),(0.9695808304511759;2.7380185850648755;12;0.37194710987539076),(-0.07894355639685649;3.088849937288008;12;0.21200345196367598),(-1.0093166066317016;2.7034768018143103;12;0.38453260964858715),(-1.5081702633739005;1.5561919371942103;12;0.4241174734680767),(-1.1384039308080294;0.5929177077349281;12;0.31390897612177626),(0.02632520986999787;0.07434688369030851;12;0.32900707736877166),(1.1384039308080292;0.5929177077349277;12;0.20358307818490745),12,0.33213725377747094,0.24522697735528026,0.3623119326574961,1.477455443789063,5.277882599999998,0
1,22,male,right,60,correctiveLenses,1.582517147064209,35,(1.507481123475604;1.6351595478902614;6;0.2569861718986206),(1.0287263263182727;2.6856910705865658;6;0.24749045237299197),(9.236286159169338e-17;3.090917147064209;6;0.22252611231629432),(-1.1384039308080294;2.57211658639349;6;0.23621964887016417),(-1.5084;1.5825171470642092;6;0.16054310153736387),(-1.1555014380006665;0.6129363166130332;6;0.27544051661274577),(-0.07894355639685718;0.07618435684040992;6;0.27783483943038667),(1.1209596547501015;0.5732005404325073;6;0.3192513072130856),6,0.24953651878145663,0.16710847285388375,0.130933861119602,0.7835261664684586,5.0671509000000015,0
1,22,male,right,60,correctiveLenses,1.582517147064209,36,(1.502660082601589;1.4510514247036415;18;0.23924981189509445),(1.1209596547501015;2.5918337536959104;18;0.28135448953436065),(0.1052206649956385;3.0872427604761277;18;0.17491615269802954),(-0.989599439329281;2.720921077872238;18;0.15467702388818352),(-1.502660082601589;1.7139828694247765;18;0.221662578160209),(-1.1384039308080294;0.5929177077349281;18;0.2598291715040715),(-0.05264240082605215;0.07503602358860495;18;0.26150869088758716),(1.1209596547501015;0.5732005404325073;18;0.37889229085619464),18,0.2465112761779663,0.3187685112548547,0.2622516430950928,0.8227024747918819,1.399896300000023,0
1,22,male,right,60,correctiveLenses,1.582517147064209,37,(1.5081702633739005;1.6088423569342074;18;0.3185162705558526),(1.1209596547501015;2.5918337536959104;18;0.24361503723038797),(0.05264240082605263;3.0899982705398132;18;0.28927474633593975),(-1.1384039308080294;2.57211658639349;18;0.321289314001593),(-1.502660082601589;1.4510514247036417;18;0.34610261399090336),(-1.1555014380006665;0.6129363166130332;18;0.30171577066145966),(-0.07894355639685718;0.07618435684040992;18;0.3334960226661674),(1.085052154830821;0.5346944610638571;18;0.4266525920768075),18,0.32258279593988887,0.21593446977383707,0.38778728354957975,1.79585632602213,1.2865368999999873,0
1,22,male,right,60,correctiveLenses,1.582517147064209,38,(1.506332790223799;1.6614607034610656;12;0.3160963268698136),(0.9895994393292812;2.720921077872238;12;0.19510470092257937),(-0.13146572236056767;3.085177229665798;12;0.3274496653246327),(-1.0850521548308216;2.63033983306456;12;0.1587514463575029),(-1.5081702633739005;1.5561919371942103;12;0.2845898921962448),(-1.1555014380006665;0.6129363166130332;12;0.40556175929889615),(-0.026325209869998426;0.07434688369030851;12;0.18453307370102998),(1.009316606631701;0.46155749231410703;12;0.35235732691260513),12,0.2780555239479131,0.30086070346103916,0.3656980654362898,1.2155062500000002,1.355520399999989,0
1,22,male,right,60,correctiveLenses,1.582517147064209,39,(1.5084;1.582517147064209;12;0.38003185388062033),(1.0850521548308214;2.6303398330645607;12;0.17319665105305515),(-0.026325209869998395;3.0906874104381092;12;0.3464083918279409),(-1.1555014380006663;2.552097977515385;12;0.3398609297653824),(-1.502660082601589;1.7139828694247765;12;0.25359570937737336),(-1.1031739235223568;0.5537908207459366;12;0.34757021627716955),(0.13146572236056717;0.07985706446261998;12;0.2720551504124341),(0.9895994393292808;0.4441132162561794;12;0.27466437138942074),12,0.29842290924792453,0.18721427338389984,0.2766007473660567,1.477455443789063,1.6222300000000018,0
1,22,male,right,60,correctiveLenses,1.582517147064209,40,(1.5047256134119187;1.4772964820685703;12;0.16338570510373085),(0.9695808304511759;2.7380185850648755;12;0.3007126946603703),(0.07894355639685667;3.088849937288008;12;0.19810168637054976),(-1.1384039308080294;2.57211658639349;12;0.29544014247613587),(-1.506332790223799;1.6614607034610653;12;0.32369152662764167),(-1.1555014380006665;0.6129363166130332;12;0.19847679640393373),(-0.10522066499563902;0.0777915336522903;12;0.38513865277829124),(1.0287263263182729;0.47934322354185244;12;0.2012132310534295),12,0.2582700544342604,0.4049457728716915,0.19478584055094605,0.48101709809096993,2.2110409000000004,0
1,22,male,right,60,correctiveLenses,1.582517147064209,41,(1.506332790223799;1.5035735906673524;6;0.2751282654376671),(1.0287263263182727;2.6856910705865658;6;0.2966120719471732),(0.07894355639685667;3.088849937288008;6;0.40314241375907195),(-1.0478226860003517;2.66756930189503;6;0.3420884973157343),(-1.506332790223799;1.5035735906673529;6;0.3375082751694967),(-0.9695808304511762;0.4270157090635427;6;0.15937215440645802),(0.02632520986999787;0.07434688369030851;6;0.42230623486346375),(1.085052154830821;0.5346944610638571;6;0.1979619171849256),6,0.3042649787604988,0.3737443236786085,0.4326557726984492,1.1576250000000001,2.177526100000023,0
1,22,male,right,60,correctiveLenses,1.582517147064209,42,(1.506332790223799;1.6614607034610656;18;0.3039870403112931),(0.9895994393292812;2.720921077872238;18;0.19047018068849136),(0.1052206649956385;3.0872427604761277;18;0.18553941978661437),(-1.1555014380006663;2.552097977515385;18;0.33899009661665885),(-1.5081702633739005;1.6088423569342074;18;0.2590474702079795),(-1.1555014380006665;0.6129363166130332;18;0.1761939241120864),(0.02632520986999787;0.07434688369030851;18;0.3589028293118529),(1.085052154830821;0.5346944610638571;18;0.23076940957243777),18,0.2554875463259268,0.39478763821254953,0.358084025589614,0.9070294784580497,2.7205063999999766,0
1,22,male,right,60,correctiveLenses,1.582517147064209,43,(1.5081702633739005;1.6088423569342074;18;0.18013719484617458),(1.0287263263182727;2.6856910705865658;18;0.27741435605055814),(9.236286159169338e-17;3.090917147064209;18;0.39458641173995856),(-1.0850521548308216;2.63033983306456;18;0.29157102586253403),(-1.5081702633739005;1.6088423569342074;18;0.3572315705049752),(-0.9695808304511762;0.4270157090635427;18;0.16124368270403827),(0.07894355639685664;0.07618435684040992;18;0.37944032213820783),(1.103173923522357;0.5537908207459366;18;0.2764364594722302),18,0.2897576279148346,0.13559347083849688,0.2959835418438621,2.1828745883819374,2.6670401000000084,0
1,22,male,right,60,correctiveLenses,1.582517147064209,44,(1.5047256134119187;1.6877378120598476;12;0.3553583269465892),(0.9695808304511759;2.7380185850648755;12;0.4123146577822829),(9.236286159169338e-17;3.090917147064209;12;0.1972820198168725),(-1.0478226860003517;2.66756930189503;12;0.2994603103617065),(-1.502660082601589;1.7139828694247765;12;0.34899049445881736),(-0.9695808304511762;0.4270157090635427;12;0.33559604795645914),(0.07894355639685664;0.07618435684040992;12;0.2636546787555603),(1.155501438000666;0.6129363166130327;12;0.4272810332130762),12,0.32999219616142056,0.31421059695249703,0.31421059695249703,1.0,2.5557387000000062,0
1,22,male,right,60,correctiveLenses,1.582517147064209,45,(1.502660082601589;1.7139828694247765;18;0.2812216946727013),(1.1031739235223568;2.6112434733824816;18;0.22742252697794896),(-0.07894355639685649;3.088849937288008;18;0.1642543777610744),(-1.1555014380006663;2.552097977515385;18;0.4070069273532322),(-1.506332790223799;1.5035735906673529;18;0.31034406892773714),(-1.1555014380006665;0.6129363166130332;18;0.18723267356323847),(0.13146572236056717;0.07985706446261998;18;0.22218800216236842),(0.9695808304511758;0.42701570906354247;18;0.19027634966948037),18,0.24874332763597265,0.3449318976831546,0.2837763258585914,0.8227024747918817,1.7890318999999977,0
1,22,male,right,60,correctiveLenses,1.582517147064209,46,(1.506332790223799;1.6614607034610656;6;0.2449058349834437),(1.1555014380006665;2.552097977515385;6;0.24313113414307508),(-0.026325209869998395;3.0906874104381092;6;0.27575675780903675),(-1.0850521548308216;2.63033983306456;6;0.17629181196391377),(-1.506332790223799;1.6614607034610653;6;0.3688502344342242),(-1.1384039308080294;0.5929177077349281;6;0.3417984531999031),(0.05264240082605293;0.07503602358860495;6;0.3401741209308161),(1.009316606631701;0.46155749231410703;6;0.2284964562774075),6,0.2774256004677276,0.43565202657425484,0.29486643973302323,0.676839362028687,4.357899199999963,0
1,22,male,right,60,correctiveLenses,1.582517147064209,47,(1.507481123475604;1.6351595478902614;18;0.3619630220284118),(1.0665998687417884;2.6491170158059973;18;0.19831671318867658),(-0.026325209869998395;3.0906874104381092;18;0.2913548466032402),(-1.1555014380006663;2.552097977515385;18;0.2834325183359999),(-1.502660082601589;1.7139828694247765;18;0.20664322724181225),(-1.1209596547501015;0.5732005404325073;18;0.18859889192986556),(-0.1314657223605677;0.07985706446261998;18;0.29628206003411695),(1.085052154830821;0.5346944610638571;18;0.20194452876778635),18,0.2535669760162387,0.4539817426001073,0.20797426705884312,0.45811152199139993,3.244679299999973,0
1,22,male,right,60,correctiveLenses,1.582517147064209,48,(1.5084;1.582517147064209;12;0.1758519688127046),(1.0850521548308214;2.6303398330645607;12;0.36751441779437055),(0.02632520986999858;3.0906874104381092;12;0.2173832911104015),(-1.1209596547501013;2.591833753695911;12;0.2677719281540951),(-1.5047256134119187;1.6877378120598479;12;0.3357601401079672),(-1.0478226860003514;0.4974649922333876;12;0.3384716979692584),(-0.07894355639685718;0.07618435684040992;12;0.17015725542480217),(1.0287263263182729;0.47934322354185244;12;0.31654739591378206),12,0.2736822619109227,0.4687323245683821,0.30214903573627344,0.644608916217797,2.40061819999994,0
1,22,male,right,60,correctiveLenses,1.582517147064209,49,(1.5047256134119187;1.6877378120598476;12;0.2354959231487833),(1.0850521548308214;2.6303398330645607;12;0.3112184446192554),(9.236286159169338e-17;3.090917147064209;12;0.2557889637808429),(-1.0093166066317016;2.7034768018143103;12;0.25573041858719475),(-1.506332790223799;1.5035735906673529;12;0.2735185272231189),(-0.9895994393292812;0.4441132162561796;12;0.2533181169275839),(-0.10522066499563902;0.0777915336522903;12;0.2478709715541096),(1.0478226860003514;0.4974649922333878;12;0.24221149175220752),12,0.259394107199137,0.270069590034523,0.2835730695362491,1.0499999999999998,3.7888758999999936,0
1,22,male,right,60,correctiveLenses,1.582517147064209,50,(1.5084;1.582517147064209;12;0.20503115395605748),(1.0478226860003514;2.66756930189503;12;0.2697910480211719),(0.05264240082605263;3.0899982705398132;12;0.2423087704503663),(-1.1555014380006663;2.552097977515385;12;0.31786601424469685),(-1.502660082601589;1.7139828694247765;12;0.32677316881956553),(-1.1555014380006665;0.6129363166130332;12;0.174003605444889),(0.13146572236056717;0.07985706446261998;12;0.40638718978407634),(0.9895994393292808;0.4441132162561794;12;0.21996937146969703),12,0.27026629027381505,0.5065767615730195,0.26864847240292294,0.5303213506452944,2.633360899999957,0
1,22,male,right,60,correctiveLenses,1.582517147064209,51,(1.502660082601589;1.7139828694247765;6;0.3890813554644467),(1.0850521548308214;2.6303398330645607;6;0.42258971863374944),(-0.07894355639685649;3.088849937288008;6;0.1566255605373763),(-1.1209596547501013;2.591833753695911;6;0.261189545203234),(-1.5047256134119187;1.4772964820685703;6;0.3555810299673907),(-1.1384039308080294;0.5929177077349281;6;0.2889991980668535),(-0.1314657223605677;0.07985706446261998;6;0.38486407143357315),(1.066599868741788;0.5159172783224204;6;0.2401718135641711),6,0.3123877866088494,0.20070259049834518,0.3269233712430677,1.6288946267774416,4.509365300000013,0
1,22,male,right,60,correctiveLenses,1.582517147064209,52,(1.502660082601589;1.4510514247036415;18;0.4110182179728925),(1.1209596547501015;2.5918337536959104;18;0.2602241050249199),(-0.05264240082605244;3.0899982705398132;18;0.3730970267074257),(-1.1209596547501013;2.591833753695911;18;0.2583334237519881),(-1.5047256134119187;1.4772964820685703;18;0.4270411049588172),(-0.9695808304511762;0.4270157090635427;18;0.2063392395156034),(-0.026325209869998426;0.07434688369030851;18;0.3910931421030654),(1.009316606631701;0.46155749231410703;18;0.3641435810819429),18,0.33641123013958185,0.16327574615445495,0.2659589855940692,1.6288946267774418,2.200214200000005,0
1,22,male,right,60,correctiveLenses,1.582517147064209,53,(1.506332790223799;1.5035735906673524;6;0.3777301114525444),(1.0850521548308214;2.6303398330645607;6;0.2550343847340925),(0.07894355639685667;3.088849937288008;6;0.1679395688395331),(-1.1031739235223568;2.6112434733824816;6;0.4138448467962694),(-1.5084;1.5825171470642092;6;0.17895439261067048),(-1.0093166066317016;0.4615574923141075;6;0.30752622331895685),(-0.026325209869998426;0.07434688369030851;6;0.3701743438857508),(1.1209596547501015;0.5732005404325073;6;0.39315684472057155),6,0.30804508954479864,0.28521971035731575,0.36402065759063246,1.2762815625000004,2.266793699999994,0
1,22,male,right,60,correctiveLenses,1.582517147064209,54,(1.507481123475604;1.5298747462381566;18;0.3642849111549791),(1.0478226860003514;2.66756930189503;18;0.19541995025460646),(-0.10522066499563865;3.0872427604761277;18;0.3390531953869909),(-1.1209596547501013;2.591833753695911;18;0.3294074812198594),(-1.507481123475604;1.6351595478902616;18;0.34060027526901),(-1.0850521548308212;0.5346944610638575;18;0.4090702802033419),(-0.07894355639685718;0.07618435684040992;18;0.302121823913115),(1.155501438000666;0.6129363166130327;18;0.3566327257234632),18,0.3295738303906708,0.2735822452509932,0.19442979395496088,0.7106813301301212,1.677318600000035,0
1,22,male,right,60,correctiveLenses,1.582517147064209,55,(1.502660082601589;1.7139828694247765;18;0.20387565357512352),(1.1384039308080294;2.57211658639349;18;0.3382040853377699),(-0.10522066499563865;3.0872427604761277;18;0.3609675379966174),(-1.1555014380006663;2.552097977515385;18;0.39651307201298513),(-1.506332790223799;1.5035735906673529;18;0.29801062591507516),(-1.1384039308080294;0.5929177077349281;18;0.30396716145241),(-0.10522066499563902;0.0777915336522903;18;0.20222573335457167),(1.1209596547501015;0.5732005404325073;18;0.2551924523078178),18,0.2948695402440463,0.28259321607048027,0.22141917925769627,0.7835261664684589,2.390816199999904,0
1,22,male,right,60,correctiveLenses,1.582517147064209,56,(1.5081702633739005;1.6088423569342074;6;0.3959335654607493),(1.0665998687417884;2.6491170158059973;6;0.23514185762102907),(0.07894355639685667;3.088849937288008;6;0.425881063555312),(-1.0665998687417881;2.6491170158059973;6;0.23260864538662207),(-1.5081702633739005;1.6088423569342074;6;0.1585232854695331),(-1.0093166066317016;0.4615574923141075;6;0.2026010718446603),(-0.026325209869998426;0.07434688369030851;6;0.20674504265584787),(1.1209596547501015;0.5732005404325073;6;0.21797686352018614),6,0.25942642443924246,0.4744002534962613,0.16217366550115755,0.3418498710866216,3.2443852000000106,0
1,22,male,right,60,correctiveLenses,1.582517147064209,57,(1.507481123475604;1.5298747462381566;12;0.33458546617464713),(1.1209596547501015;2.5918337536959104;12;0.2822475847937794),(0.13146572236056753;3.085177229665798;12;0.17280920822657914),(-1.0665998687417881;2.6491170158059973;12;0.3065668307382291),(-1.502660082601589;1.7139828694247765;12;0.18399078829681872),(-0.9895994393292812;0.4441132162561796;12;0.41757962237889906),(-2.770885847750801e-16;0.07411714706420902;12;0.19816891667109413),(1.009316606631701;0.46155749231410703;12;0.18797589008802892),12,0.26049053842100944,0.17320708501604892,0.26870103819278635,1.5513282159785162,4.4665357000000085,0
1,22,male,right,60,correctiveLenses,1.582517147064209,58,(1.5084;1.582517147064209;6;0.40422445918160455),(1.0287263263182727;2.6856910705865658;6;0.39949028865173464),(-0.026325209869998395;3.0906874104381092;6;0.19128499139136554),(-0.9695808304511759;2.7380185850648755;6;0.16041917258557448),(-1.5081702633739005;1.5561919371942103;6;0.35302882592846163),(-1.0093166066317016;0.4615574923141075;6;0.32475263114435815),(-0.07894355639685718;0.07618435684040992;6;0.3922794997984299),(1.0287263263182729;0.47934322354185244;6;0.17634535763049616),6,0.3002281532890032,0.44352196768964836,0.3001931256567695,0.6768393620286869,1.9220640999999432,0
1,22,male,right,60,correctiveLenses,1.582517147064209,59,(1.5081702633739005;1.5561919371942106;12;0.2298198581044107),(1.0665998687417884;2.6491170158059973;12;0.24771461639775372),(-0.13146572236056767;3.085177229665798;12;0.3542605237646488),(-1.0665998687417881;2.6491170158059973;12;0.37086337970558503),(-1.5047256134119187;1.6877378120598479;12;0.2982353863116931),(-1.0850521548308212;0.5346944610638575;12;0.22200852186835424),(-0.10522066499563902;0.0777915336522903;12;0.2765708823733592),(1.103173923522357;0.5537908207459366;12;0.39524619116868953),12,0.2993399199618118,0.325041199829073,0.2546782852463818,0.7835261664684587,1.8111364000000094,0
1,22,male,right,60,correctiveLenses,1.582517147064209,60,(1.507481123475604;1.6351595478902614;6;0.2047938838745735),(0.9695808304511759;2.7380185850648755;6;0.32364387214912527),(9.236286159169338e-17;3.090917147064209;6;0.4210114501731909),(-1.1555014380006663;2.552097977515385;6;0.3982490527589372),(-1.5081702633739005;1.5561919371942103;6;0.26129760803397073),(-1.1555014380006665;0.6129363166130332;6;0.32946711225052816),(-0.1314657223605677;0.07985706446261998;6;0.42276443264857566),(1.1209596547501015;0.5732005404325073;6;0.29386270658408864),6,0.33188626480912375,0.13108194552965838,0.3154643313013231,2.406619233691086,1.5000160999999252,0
1,22,male,right,60,correctiveLenses,1.582517147064209,61,(1.502660082601589;1.7139828694247765;12;0.22684508292214547),(1.1031739235223568;2.6112434733824816;12;0.256856253508766),(-0.10522066499563865;3.0872427604761277;12;0.420368547338906),(-1.1209596547501013;2.591833753695911;12;0.2041213840396362),(-1.502660082601589;1.4510514247036417;12;0.33642599762518716),(-0.9895994393292812;0.4441132162561796;12;0.30681648406556583),(-2.770885847750801e-16;0.07411714706420902;12;0.21238876469246376),(1.1209596547501015;0.5732005404325073;12;0.16275831941286187),12,0.26582260420069154,0.3740923940474423,0.2931111794130006,0.7835261664684587,1.8222543000000542,0
1,22,male,right,60,correctiveLenses,1.582517147064209,62,(1.5081702633739005;1.6088423569342074;12;0.17063571179868173),(1.1209596547501015;2.5918337536959104;12;0.30893443208904214),(-0.07894355639685649;3.088849937288008;12;0.3820112684191031),(-1.1384039308080294;2.57211658639349;12;0.3915070148487185),(-1.5081702633739005;1.6088423569342074;12;0.3121801399246482),(-1.0287263263182729;0.4793432235418522;12;0.20466625862207738),(-0.07894355639685718;0.07618435684040992;12;0.20133105019107084),(1.066599868741788;0.5159172783224204;12;0.32108861752606976),12,0.28654431167742644,0.2865621687922213,0.315934791093424,1.1025,1.6554212000000916,0
1,22,male,right,60,correctiveLenses,1.582517147064209,63,(1.5081702633739005;1.6088423569342074;18;0.3734968083257709),(1.1384039308080294;2.57211658639349;18;0.40646535585905197),(0.07894355639685667;3.088849937288008;18;0.3841386360110407),(-1.0287263263182724;2.6856910705865658;18;0.38151768473185277),(-1.507481123475604;1.6351595478902616;18;0.22274085316996706),(-1.1555014380006665;0.6129363166130332;18;0.3976160651867193),(0.02632520986999787;0.07434688369030851;18;0.1969859666615097),(1.103173923522357;0.5537908207459366;18;0.28812106630575024),18,0.3313853045314578,0.34194682534662263,0.4582414499725672,1.340095640625,4.144413800000052,0
1,22,male,right,60,correctiveLenses,1.582517147064209,64,(1.502660082601589;1.7139828694247765;18;0.24386785827697835),(1.0850521548308214;2.6303398330645607;18;0.2458391781427355),(-0.07894355639685649;3.088849937288008;18;0.3565003412989072),(-1.1384039308080294;2.57211658639349;18;0.34359103117388146),(-1.506332790223799;1.5035735906673529;18;0.37230775767192004),(-1.0850521548308212;0.5346944610638575;18;0.4080678662631375),(-0.07894355639685718;0.07618435684040992;18;0.28737573442296704),(0.9895994393292808;0.4441132162561794;18;0.27442228217165704),18,0.31649650617777303,0.27401187476136274,0.4048403360290223,1.4774554437890628,2.177709400000026,0
1,22,male,right,60,correctiveLenses,1.582517147064209,65,(1.5047256134119187;1.6877378120598476;6;0.3611267838997725),(1.0665998687417884;2.6491170158059973;6;0.2549059423913221),(0.05264240082605263;3.0899982705398132;6;0.27058048831676224),(-1.1031739235223568;2.6112434733824816;6;0.277576012984183),(-1.502660082601589;1.4510514247036417;6;0.3909957649810911),(-1.0665998687417886;0.5159172783224208;6;0.42313132891342764),(0.02632520986999787;0.07434688369030851;6;0.3202824088368784),(1.0478226860003514;0.4974649922333878;6;0.1636744862059813),6,0.30778415206617726,0.4272662272724413,0.23791782286885244,0.5568374181775592,1.133139300000039,0
1,22,male,right,60,correctiveLenses,1.582517147064209,66,(1.502660082601589;1.4510514247036415;12;0.22938776825309865),(1.0093166066317016;2.7034768018143103;12;0.28789802983646984),(-0.07894355639685649;3.088849937288008;12;0.33000842132393315),(-0.9695808304511759;2.7380185850648755;12;0.28695801833501167),(-1.507481123475604;1.6351595478902616;12;0.18253835873332325),(-1.1384039308080294;0.5929177077349281;12;0.3511655205760007),(0.10522066499563848;0.07779153365229008;12;0.19697579337864915),(1.066599868741788;0.5159172783224204;12;0.19318771730397297),12,0.2572649534675574,0.5230585052566309,0.3717279142516554,0.7106813301301211,5.777873199999931,0
1,22,male,right,60,correctiveLenses,1.582517147064209,67,(1.5047256134119187;1.4772964820685703;12;0.31733678346409083),(1.1384039308080294;2.57211658639349;12;0.23446548802521572),(0.05264240082605263;3.0899982705398132;12;0.2631574479903427),(-1.0287263263182724;2.6856910705865658;12;0.31872904169515204),(-1.506332790223799;1.5035735906673529;12;0.34594509697775244),(-1.0478226860003514;0.4974649922333876;12;0.3992661069660661),(-2.770885847750801e-16;0.07411714706420902;12;0.24316478273014952),(0.9695808304511758;0.42701570906354247;12;0.17418195786841828),12,0.2870308382146485,0.4816310180582615,0.4160509820177185,0.8638375985314759,4.733714999999961,0
1,22,male,right,60,correctiveLenses,1.582517147064209,68,(1.5081702633739005;1.6088423569342074;6;0.24899504420581114),(1.0478226860003514;2.66756930189503;6;0.23252969755463065),(-0.13146572236056767;3.085177229665798;6;0.40347243856548315),(-1.0287263263182724;2.6856910705865658;6;0.2801916969183129),(-1.502660082601589;1.4510514247036417;6;0.22000998193054863),(-1.0850521548308212;0.5346944610638575;6;0.26966984371191444),(-0.10522066499563902;0.0777915336522903;6;0.42382765275674783),(1.085052154830821;0.5346944610638571;6;0.23789094344747075),6,0.2895734123863649,0.4754957323683636,0.4107510915610526,0.8638375985314759,2.5888541999999006,0
1,22,male,right,60,correctiveLenses,1.582517147064209,69,(1.506332790223799;1.5035735906673524;18;0.23601302702740973),(0.9895994393292812;2.720921077872238;18;0.18834414403006194),(0.1052206649956385;3.0872427604761277;18;0.3221672229122259),(-1.1555014380006663;2.552097977515385;18;0.1926216550691704),(-1.5047256134119187;1.4772964820685703;18;0.16818672169443347),(-1.0478226860003514;0.4974649922333876;18;0.33536994630181105),(0.10522066499563848;0.07779153365229008;18;0.22686200365381126),(0.9895994393292808;0.4441132162561794;18;0.21254077875533167),18,0.2352631874305319,0.120273514388432,0.22679364925074827,1.8856491423232367,2.3153985999999804,0
1,22,male,right,60,correctiveLenses,1.582517147064209,70,(1.5081702633739005;1.5561919371942106;18;0.3480595326070791),(1.1555014380006665;2.552097977515385;18;0.166115456179936),(-0.026325209869998395;3.0906874104381092;18;0.37530341769908915),(-0.989599439329281;2.720921077872238;18;0.21047973317625876),(-1.5047256134119187;1.6877378120598479;18;0.18074586405476614),(-1.1031739235223568;0.5537908207459366;18;0.23087341867306094),(-0.05264240082605215;0.07503602358860495;18;0.17906701477767503),(1.155501438000666;0.6129363166130327;18;0.18642362140945118),18,0.23463350732216454,0.11122890394488402,0.23123690277605977,2.0789281794113688,1.9553114999999934,0
1,22,male,right,60,correctiveLenses,1.582517147064209,71,(1.5081702633739005;1.6088423569342074;6;0.23169461966093452),(1.0287263263182727;2.6856910705865658;6;0.4083074028429367),(0.02632520986999858;3.0906874104381092;6;0.2297277521062595),(-1.0093166066317016;2.7034768018143103;6;0.20850700904713773),(-1.506332790223799;1.6614607034610653;6;0.1836987123855676),(-1.0478226860003514;0.4974649922333876;6;0.3181741436316943),(-0.1314657223605677;0.07985706446261998;6;0.418822576557049),(0.9695808304511758;0.42701570906354247;6;0.37460072544391),6,0.29669161770943614,0.3133794270929861,0.380914652252944,1.2155062500000002,1.2530424999999923,0
1,22,male,right,60,correctiveLenses,1.582517147064209,72,(1.506332790223799;1.6614607034610656;18;0.269172639088702),(1.0478226860003514;2.66756930189503;18;0.24499027712170574),(-0.026325209869998395;3.0906874104381092;18;0.1837043392065863),(-0.9695808304511759;2.7380185850648755;18;0.4018575200711648),(-1.5081702633739005;1.6088423569342074;18;0.2803456146838452),(-1.0850521548308212;0.5346944610638575;18;0.2864846588973519),(0.10522066499563848;0.07779153365229008;18;0.36853009861634567),(1.066599868741788;0.5159172783224204;18;0.41052461427797704),18,0.3057012202454598,0.393899767802506,0.2303050362100819,0.5846792890864372,1.8110816999999315,0
1,22,male,right,60,correctiveLenses,1.582517147064209,73,(1.506332790223799;1.5035735906673524;6;0.2884678669366008),(1.0478226860003514;2.66756930189503;6;0.41258104966723397),(-0.07894355639685649;3.088849937288008;6;0.28141589732836836),(-1.0665998687417881;2.6491170158059973;6;0.15872973213899394),(-1.5047256134119187;1.4772964820685703;6;0.22869422709627435),(-1.1209596547501015;0.5732005404325073;6;0.20314423829161704),(0.13146572236056717;0.07985706446261998;6;0.4231868858924332),(1.103173923522357;0.5537908207459366;6;0.26262056132027267),6,0.2823550573339743,0.4548568535129965,0.339421187357089,0.7462153966366274,3.922389399999929,0
1,22,male,right,60,correctiveLenses,1.582517147064209,74,(1.5047256134119187;1.6877378120598476;12;0.40184518597419516),(1.1555014380006665;2.552097977515385;12;0.33766331306887776),(-0.05264240082605244;3.0899982705398132;12;0.186116738594246),(-0.989599439329281;2.720921077872238;12;0.22486629316026346),(-1.5047256134119187;1.6877378120598479;12;0.39472557608778913),(-1.0287263263182729;0.4793432235418522;12;0.295354367490133),(0.10522066499563848;0.07779153365229008;12;0.17817130948661575),(1.085052154830821;0.5346944610638571;12;0.2874070699250689),12,0.2882687317233986,0.39271955906039374,0.2658080558106241,0.6768393620286869,2.3555569000000105,0
1,22,male,right,60,correctiveLenses,1.582517147064209,75,(1.502660082601589;1.7139828694247765;6;0.24942465083058263),(0.9695808304511759;2.7380185850648755;6;0.3157432462421798),(0.13146572236056753;3.085177229665798;6;0.1921652867244233),(-0.989599439329281;2.720921077872238;6;0.252549371272664),(-1.5047256134119187;1.4772964820685703;6;0.37097407345662015),(-1.1384039308080294;0.5929177077349281;6;0.28684162522120027),(-0.026325209869998426;0.07434688369030851;6;0.39259414264583203),(1.0287263263182729;0.47934322354185244;6;0.25715189290185103),6,0.2896805361619192,0.4326307075139301,0.412029245251362,0.9523809523809523,1.3864102000000003,0
1,22,male,right,60,correctiveLenses,1.582517147064209,76,(1.502660082601589;1.4510514247036415;6;0.1646893845896194),(1.0850521548308214;2.6303398330645607;6;0.23011508705603734),(0.05264240082605263;3.0899982705398132;6;0.19123756334259764),(-1.1384039308080294;2.57211658639349;6;0.30548729023245624),(-1.5084;1.5825171470642092;6;0.16284435121258012),(-1.1031739235223568;0.5537908207459366;6;0.26793370166463454),(0.07894355639685664;0.07618435684040992;6;0.4024940284144864),(0.9895994393292808;0.4441132162561794;6;0.20289075112210792),6,0.24096151970431495,0.3101673432185822,0.25517544086555055,0.8227024747918817,3.8332596000000194,0
1,22,male,right,60,correctiveLenses,1.582517147064209,77,(1.5081702633739005;1.5561919371942106;12;0.22241697865898014),(1.1555014380006665;2.552097977515385;12;0.3928941343470668),(0.02632520986999858;3.0906874104381092;12;0.27984132649794763),(-1.0287263263182724;2.6856910705865658;12;0.3485219534851811),(-1.502660082601589;1.4510514247036417;12;0.2852064176248964),(-1.0093166066317016;0.4615574923141075;12;0.24959794143496788),(-0.1314657223605677;0.07985706446261998;12;0.15559241531098908),(1.085052154830821;0.5346944610638571;12;0.20305643564739786),12,0.26714095037592833,0.5131550756769572,0.2721370928234922,0.5303213506452944,1.6334158000000798,0
1,22,male,right,60,correctiveLenses,1.582517147064209,78,(1.506332790223799;1.6614607034610656;18;0.24550114479270627),(1.0093166066317016;2.7034768018143103;18;0.23513559873696982),(0.1052206649956385;3.0872427604761277;18;0.21340957631447977),(-1.0665998687417881;2.6491170158059973;18;0.31628229854779577),(-1.5047256134119187;1.4772964820685703;18;0.33058366634819536),(-1.1555014380006665;0.6129363166130332;18;0.2808825753084707),(-2.770885847750801e-16;0.07411714706420902;18;0.3708003704131425),(1.0287263263182729;0.47934322354185244;18;0.23483780553196906),18,0.27842912949921617,0.25035367630760563,0.2898156745355919,1.157625,2.7889226999999437,0
1,22,male,right,60,correctiveLenses,1.582517147064209,79,(1.5047256134119187;1.4772964820685703;6;0.2575939821235169),(1.1031739235223568;2.6112434733824816;6;0.35442623461900485),(-0.07894355639685649;3.088849937288008;6;0.2320665035226566),(-1.1209596547501013;2.591833753695911;6;0.26323412274571595),(-1.502660082601589;1.4510514247036417;6;0.17254810519065553),(-1.0850521548308212;0.5346944610638575;6;0.23426246781757903),(-0.10522066499563902;0.0777915336522903;6;0.3067922958757989),(0.9695808304511758;0.42701570906354247;6;0.1687942572810916),6,0.24871474614700242,0.42867762770807216,0.1781244085922972,0.41552065486748296,2.588610700000004,0
1,22,male,right,60,correctiveLenses,1.582517147064209,80,(1.5081702633739005;1.6088423569342074;12;0.26474563386097294),(1.0850521548308214;2.6303398330645607;12;0.3255403920703382),(-0.13146572236056767;3.085177229665798;12;0.35481048458580466),(-1.0093166066317016;2.7034768018143103;12;0.33593070536174474),(-1.506332790223799;1.6614607034610653;12;0.374506905810679),(-0.9895994393292812;0.4441132162561796;12;0.18088622577861774),(0.13146572236056717;0.07985706446261998;12;0.2667111245128488),(0.9695808304511758;0.42701570906354247;12;0.32742846999685105),12,0.30381999274723215,0.43286040272553555,0.3561153245617086,0.8227024747918815,4.933243999999945,0
1,22,male,right,60,correctiveLenses,1.582517147064209,81,(1.507481123475604;1.6351595478902614;18;0.24364692403844135),(1.0093166066317016;2.7034768018143103;18;0.2896638061143213),(-0.07894355639685649;3.088849937288008;18;0.17772149151491232),(-0.9695808304511759;2.7380185850648755;18;0.1637850316497782),(-1.506332790223799;1.6614607034610653;18;0.3828372324520487),(-0.9695808304511762;0.4270157090635427;18;0.28967438915722743),(-0.026325209869998426;0.07434688369030851;18;0.4110649395210448),(0.9895994393292808;0.4441132162561794;18;0.24088305911644478),18,0.27490960919552737,0.35778415484542997,0.3577841548454299,0.9999999999999999,2.1775787000000264,0
1,22,male,right,60,correctiveLenses,1.582517147064209,82,(1.5047256134119187;1.4772964820685703;6;0.4093245557014089),(0.9895994393292812;2.720921077872238;6;0.34647929559772883),(0.02632520986999858;3.0906874104381092;6;0.40925662632863735),(-1.1555014380006663;2.552097977515385;6;0.2913760512340755),(-1.5081702633739005;1.5561919371942103;6;0.30812123109064604),(-0.9695808304511762;0.4270157090635427;6;0.20417952567293768),(-2.770885847750801e-16;0.07411714706420902;6;0.35788611814216986),(1.085052154830821;0.5346944610638571;6;0.2511070852730661),6,0.3222163111300838,0.17593446158464068,0.46680650317834654,2.6532977051444218,3.577748399999905,0
1,22,male,right,60,correctiveLenses,1.582517147064209,83,(1.502660082601589;1.7139828694247765;12;0.22623280794575792),(1.0287263263182727;2.6856910705865658;12;0.1646988587202708),(-0.05264240082605244;3.0899982705398132;12;0.16795224047884097),(-1.1384039308080294;2.57211658639349;12;0.3476459097223328),(-1.507481123475604;1.5298747462381566;12;0.202517799273446),(-0.9895994393292812;0.4441132162561796;12;0.2479202152543654),(-0.10522066499563902;0.0777915336522903;12;0.3349150731416537),(1.066599868741788;0.5159172783224204;12;0.3484466589502004),12,0.25504119543585846,0.2624071797853727,0.2624071797853727,1.0,1.000009099999943,0
1,22,male,right,60,correctiveLenses,1.582517147064209,84,(1.502660082601589;1.4510514247036415;18;0.2907662678324442),(1.1209596547501015;2.5918337536959104;18;0.1590720599132324),(0.13146572236056753;3.085177229665798;18;0.39899099010512834),(-1.1555014380006663;2.552097977515385;18;0.32099062788127264),(-1.5081702633739005;1.5561919371942103;18;0.2888869709430604),(-1.1384039308080294;0.5929177077349281;18;0.306826080141926),(-0.05264240082605215;0.07503602358860495;18;0.3201327912367443),(1.1209596547501015;0.5732005404325073;18;0.23638961278796616),18,0.2902569251052218,0.2822314661057275,0.39712801524426244,1.4071004226562505,3.2778535999999576,0
1,22,male,right,60,correctiveLenses,1.582517147064209,85,(1.507481123475604;1.6351595478902614;18;0.40830359882575884),(1.0665998687417884;2.6491170158059973;18;0.3217521483085297),(9.236286159169338e-17;3.090917147064209;18;0.2602417143095707),(-1.0478226860003517;2.66756930189503;18;0.3837135787238441),(-1.5084;1.5825171470642092;18;0.31262114020793874),(-1.1031739235223568;0.5537908207459366;18;0.2868712398612838),(-2.770885847750801e-16;0.07411714706420902;18;0.3083108761868082),(0.9895994393292808;0.4441132162561794;18;0.37289015115303575),18,0.33183805594709626,0.20610997133749337,0.3701438958826774,1.79585632602213,3.699992800000018,0
1,22,male,right,60,correctiveLenses,1.582517147064209,86,(1.5081702633739005;1.6088423569342074;12;0.40029046158091186),(1.1384039308080294;2.57211658639349;12;0.35416905010683425),(-0.13146572236056767;3.085177229665798;12;0.2620992287783702),(-1.0665998687417881;2.6491170158059973;12;0.27330234522059005),(-1.502660082601589;1.4510514247036417;12;0.23119936958062792),(-1.0287263263182729;0.4793432235418522;12;0.20758294367249264),(-2.770885847750801e-16;0.07411714706420902;12;0.19780910235875554),(0.9695808304511758;0.42701570906354247;12;0.36973584407747606),12,0.2870235431720073,0.125474256177279,0.40466701653486137,3.225099943713704,2.9220966999999973,0
1,22,male,right,60,correctiveLenses,1.582517147064209,87,(1.507481123475604;1.6351595478902614;6;0.21164616425128344),(1.1209596547501015;2.5918337536959104;6;0.2056967340324434),(-0.10522066499563865;3.0872427604761277;6;0.4204694397709666),(-1.0478226860003517;2.66756930189503;6;0.26519237536867324),(-1.5084;1.5825171470642092;6;0.252663535191598),(-1.0093166066317016;0.4615574923141075;6;0.41337743541282085),(0.05264240082605293;0.07503602358860495;6;0.18217429202020166),(1.1384039308080292;0.5929177077349277;6;0.3003418645283871),6,0.2814452300720468,0.23777982233965417,0.40668418871341533,1.7103393581163142,2.122153799999978,0
1,22,male,right,60,correctiveLenses,1.582517147064209,88,(1.5084;1.582517147064209;18;0.27341109237186373),(1.0093166066317016;2.7034768018143103;18;0.18466295813877878),(0.02632520986999858;3.0906874104381092;18;0.2868036392999562),(-1.0287263263182724;2.6856910705865658;18;0.17039377171847675),(-1.5081702633739005;1.6088423569342074;18;0.18790837793444012),(-1.0665998687417886;0.5159172783224208;18;0.20954630491557924),(-0.07894355639685718;0.07618435684040992;18;0.16708575915500545),(0.9895994393292808;0.4441132162561794;18;0.4244861781803387),18,0.23803726021430488,0.2609341870694406,0.22540476153282846,0.8638375985314759,1.4777703000000884,0
1,22,male,right,60,correctiveLenses,1.582517147064209,89,(1.502660082601589;1.4510514247036415;12;0.4123004372831187),(0.9695808304511759;2.7380185850648755;12;0.26171414937850646),(0.07894355639685667;3.088849937288008;12;0.24877332215421671),(-0.989599439329281;2.720921077872238;12;0.37022407682541775),(-1.5081702633739005;1.5561919371942103;12;0.3195851260888609),(-1.1384039308080294;0.5929177077349281;12;0.26311284167109394),(-0.10522066499563902;0.0777915336522903;12;0.15368724662419694),(1.155501438000666;0.6129363166130327;12;0.36042648170266955),12,0.2987279602160101,0.4877387880722,0.3144007715766026,0.644608916217797,1.4555953999999929,0
1,22,male,right,60,correctiveLenses,1.582517147064209,90,(1.5081702633739005;1.5561919371942106;6;0.41966707114534857),(0.9695808304511759;2.7380185850648755;6;0.19069799396810294),(0.07894355639685667;3.088849937288008;6;0.26314162166966193),(-1.0093166066317016;2.7034768018143103;6;0.3198165358897847),(-1.5047256134119187;1.4772964820685703;6;0.3589127940280673),(-1.0478226860003514;0.4974649922333876;6;0.17443152639215348),(0.07894355639685664;0.07618435684040992;6;0.17895673342145185),(0.9695808304511758;0.42701570906354247;6;0.3463878162435186),6,0.2815015115947612,0.2762558042907527,0.2762558042907527,1.0,1.8445693999999548,0
1,22,male,right,60,correctiveLenses,1.582517147064209,91,(1.5047256134119187;1.6877378120598476;12;0.4242584692456019),(1.0093166066317016;2.7034768018143103;12;0.17155119734822483),(-0.05264240082605244;3.0899982705398132;12;0.2135148815426067),(-1.0287263263182724;2.6856910705865658;12;0.329830216636656),(-1.506332790223799;1.6614607034610653;12;0.3991938075990812),(-1.1031739235223568;0.5537908207459366;12;0.16844881342522192),(-0.026325209869998426;0.07434688369030851;12;0.19194512214809592),(1.155501438000666;0.6129363166130327;12;0.16428604040786454),12,0.25787856854416913,0.3114147349518173,0.24400159345858857,0.7835261664684587,2.755507699999953,0
1,22,male,right,60,correctiveLenses,1.582517147064209,92,(1.507481123475604;1.5298747462381566;12;0.3307246767146025),(1.0478226860003514;2.66756930189503;12;0.21382470999972883),(-0.05264240082605244;3.0899982705398132;12;0.2076000378559909),(-1.1209596547501013;2.591833753695911;12;0.2654035780483646),(-1.502660082601589;1.7139828694247765;12;0.1893894041641998),(-1.0287263263182729;0.4793432235418522;12;0.247632573434196),(0.02632520986999787;0.07434688369030851;12;0.4238592705447532),(1.0287263263182729;0.47934322354185244;12;0.2686720435020383),12,0.26838828678298426,0.41862866222243056,0.2698517682529072,0.644608916217797,1.3222607000000153,0
1,22,male,right,60,correctiveLenses,1.582517147064209,93,(1.507481123475604;1.6351595478902614;12;0.41525994642960634),(0.9695808304511759;2.7380185850648755;12;0.4105200877907909),(-0.10522066499563865;3.0872427604761277;12;0.31071541362398114),(-1.0287263263182724;2.6856910705865658;12;0.2655601687316467),(-1.506332790223799;1.6614607034610653;12;0.2945539757177681),(-1.1555014380006665;0.6129363166130332;12;0.29410951073501923),(-0.1314657223605677;0.07985706446261998;12;0.16483260095097993),(0.9895994393292808;0.4441132162561794;12;0.1543451542228189),12,0.28873710727532637,0.5115671772026074,0.2712949963598874,0.5303213506452944,1.0778457000000117,0
1,22,male,right,60,correctiveLenses,1.582517147064209,94,(1.5047256134119187;1.6877378120598476;6;0.28907380836132457),(1.0850521548308214;2.6303398330645607;6;0.3020531253591209),(0.13146572236056753;3.085177229665798;6;0.2645989173198731),(-1.1555014380006663;2.552097977515385;6;0.39407134146722783),(-1.507481123475604;1.6351595478902616;6;0.38894404642741953),(-1.0093166066317016;0.4615574923141075;6;0.156250972484573),(-0.05264240082605215;0.07503602358860495;6;0.33896267820124404),(0.9895994393292808;0.4441132162561794;6;0.28829118787947533),6,0.3027807596875323,0.12843041139166197,0.3944770595717874,3.071523755917813,3.291186000000039,0
1,22,male,right,60,correctiveLenses,1.582517147064209,95,(1.506332790223799;1.6614607034610656;6;0.26795912015016365),(0.9695808304511759;2.7380185850648755;6;0.33930669681829007),(-0.05264240082605244;3.0899982705398132;6;0.3154923255683444),(-1.0478226860003517;2.66756930189503;6;0.16646210271281828),(-1.5081702633739005;1.5561919371942103;6;0.35264661070674996),(-1.0665998687417886;0.5159172783224208;6;0.32871699837775964),(-0.05264240082605215;0.07503602358860495;6;0.39857767751110973),(1.0287263263182729;0.47934322354185244;6;0.4023666030609777),6,0.3214410168632767,0.4659430283964607,0.4659430283964606,0.9999999999999999,1.7114890999999943,0
1,22,male,right,60,correctiveLenses,1.582517147064209,96,(1.506332790223799;1.5035735906673524;12;0.18954606187888337),(1.1031739235223568;2.6112434733824816;12;0.2460399201494301),(0.13146572236056753;3.085177229665798;12;0.19272933544840112),(-1.0665998687417881;2.6491170158059973;12;0.2946950090320659),(-1.507481123475604;1.6351595478902616;12;0.2484010849831641),(-1.1031739235223568;0.5537908207459366;12;0.20612857042535587),(-0.07894355639685718;0.07618435684040992;12;0.4228206703671693),(0.9895994393292808;0.4441132162561794;12;0.35934057057001684),12,0.2699626528568108,0.28275309745840005,0.3978620029410787,1.4071004226562505,2.55520910000007,0
1,22,male,right,60,correctiveLenses,1.582517147064209,97,(1.5047256134119187;1.6877378120598476;6;0.19556410182826534),(1.0287263263182727;2.6856910705865658;6;0.35661758496985607),(-0.13146572236056767;3.085177229665798;6;0.295870849573478),(-0.989599439329281;2.720921077872238;6;0.28164442864992556),(-1.507481123475604;1.6351595478902616;6;0.4022553949833657),(-0.9895994393292812;0.4441132162561796;6;0.3247981492169828),(0.07894355639685664;0.07618435684040992;6;0.3130400178215538),(0.9895994393292808;0.4441132162561794;6;0.30116458133394197),6,0.30886938854717116,0.29126760304911453,0.35403759192871787,1.2155062500000002,3.213291400000003,0
1,22,male,right,60,correctiveLenses,1.582517147064209,98,(1.502660082601589;1.7139828694247765;12;0.2016910718500407),(1.1384039308080294;2.57211658639349;12;0.17812845865541432),(9.236286159169338e-17;3.090917147064209;12;0.27236134430483006),(-1.1384039308080294;2.57211658639349;12;0.30501393359343143),(-1.5047256134119187;1.4772964820685703;12;0.4236976806707236),(-1.1384039308080294;0.5929177077349281;12;0.1768460068421775),(-2.770885847750801e-16;0.07411714706420902;12;0.2662654294460084),(0.9895994393292808;0.4441132162561794;12;0.19047278030369214),12,0.25180958820828975,0.45218593670819784,0.22838462542657054,0.5050679529955184,1.8666633000000274,0
1,22,male,right,60,correctiveLenses,1.582517147064209,99,(1.502660082601589;1.4510514247036415;6;0.2048637490796342),(1.1384039308080294;2.57211658639349;6;0.23235543867908623),(-0.05264240082605244;3.0899982705398132;6;0.23030785547573254),(-1.0850521548308216;2.63033983306456;6;0.3857210231243076),(-1.5047256134119187;1.4772964820685703;6;0.15995166235940594),(-1.0478226860003514;0.4974649922333876;6;0.2173054011054476),(-0.07894355639685718;0.07618435684040992;6;0.2888716812281168),(0.9895994393292808;0.4441132162561794;6;0.33698413127033156),6,0.25704511779025785,0.1391275067622911,0.35156828039509724,2.5269501953756404,3.755557299999964,0
1,22,male,right,60,correctiveLenses,1.582517147064209,100,(1.507481123475604;1.6351595478902614;6;0.4231548766716378),(1.0478226860003514;2.66756930189503;6;0.17584493260460596),(0.1052206649956385;3.0872427604761277;6;0.2909273073306289),(-1.0850521548308216;2.63033983306456;6;0.36254613395484153),(-1.506332790223799;1.5035735906673529;6;0.18285924863511624),(-1.0093166066317016;0.4615574923141075;6;0.328452633482239),(0.13146572236056717;0.07985706446261998;6;0.19580055363605725),(1.155501438000666;0.6129363166130327;6;0.17062130914011578),6,0.2662758744319053,0.19122358746733026,0.34341008923785116,1.79585632602213,2.0444545999999946,0
1,22,male,right,60,correctiveLenses,1.582517147064209,101,(1.5081702633739005;1.5561919371942106;6;0.20671416798944103),(1.0478226860003514;2.66756930189503;6;0.2314132817603291),(0.13146572236056753;3.085177229665798;6;0.3777103853430806),(-1.1384039308080294;2.57211658639349;6;0.2327785321292848),(-1.5047256134119187;1.6877378120598479;6;0.3447222473502266),(-1.0478226860003514;0.4974649922333876;6;0.18483655765031076),(0.07894355639685664;0.07618435684040992;6;0.256873946867108),(1.066599868741788;0.5159172783224204;6;0.18696124366620254),6,0.252751295344498,0.5181638664302299,0.2373768374913011,0.45811152199139993,1.5666092000000162,0
1,22,male,right,60,correctiveLenses,1.582517147064209,102,(1.507481123475604;1.6351595478902614;6;0.27073385603652383),(1.0850521548308214;2.6303398330645607;6;0.2585150683226971),(-0.07894355639685649;3.088849937288008;6;0.2707481484548765),(-1.0478226860003517;2.66756930189503;6;0.3851865022667857),(-1.502660082601589;1.7139828694247765;6;0.34700943959387653),(-1.1555014380006665;0.6129363166130332;6;0.16466719171947497),(-0.026325209869998426;0.07434688369030851;6;0.26268781749967174),(1.1384039308080292;0.5929177077349277;6;0.3976465370490273),6,0.2946493201178667,0.4770007883943699,0.35594533250768867,0.7462153966366274,3.366591099999937,0
1,22,male,right,60,correctiveLenses,1.582517147064209,103,(1.5084;1.582517147064209;18;0.38160509849817625),(1.0665998687417884;2.6491170158059973;18;0.4184854702319498),(0.13146572236056753;3.085177229665798;18;0.35450652763269197),(-1.0287263263182724;2.6856910705865658;18;0.21889750281697717),(-1.5081702633739005;1.6088423569342074;18;0.3424991072400078),(-1.0093166066317016;0.4615574923141075;18;0.22973276475521998),(-0.10522066499563902;0.0777915336522903;18;0.38093168393000953),(1.155501438000666;0.6129363166130327;18;0.2882378689091998),18,0.32686200300177903,0.42089661191587224,0.38176563439081374,0.9070294784580497,3.7220365000000584,0
1,22,male,right,60,correctiveLenses,1.582517147064209,104,(1.5081702633739005;1.5561919371942106;18;0.21170377503597168),(1.1031739235223568;2.6112434733824816;18;0.36103806448978126),(-0.13146572236056767;3.085177229665798;18;0.3212701451719585),(-1.1384039308080294;2.57211658639349;18;0.2343155142903163),(-1.5084;1.5825171470642092;18;0.40169749067906446),(-0.9695808304511762;0.4270157090635427;18;0.3053652285513063),(0.10522066499563848;0.07779153365229008;18;0.2625202094311979),(1.066599868741788;0.5159172783224204;18;0.20019743641573706),18,0.28726348300816673,0.15984260811154125,0.3323013022736913,2.0789281794113688,1.3557528000000048,0
1,22,male,right,60,correctiveLenses,1.582517147064209,105,(1.5081702633739005;1.6088423569342074;12;0.4071953741812053),(1.0287263263182727;2.6856910705865658;12;0.27879303626453933),(-0.026325209869998395;3.0906874104381092;12;0.24646351621783197),(-1.0665998687417881;2.6491170158059973;12;0.39845952686817027),(-1.5081702633739005;1.6088423569342074;12;0.3947320472572041),(-1.1555014380006665;0.6129363166130332;12;0.28769658697678163),(-0.05264240082605215;0.07503602358860495;12;0.2543339936164478),(1.066599868741788;0.5159172783224204;12;0.394355567394298),12,0.3327537060970598,0.43547325603930703,0.3249568484800151,0.7462153966366274,1.9222038999999995,0
1,22,male,right,60,correctiveLenses,1.582517147064209,106,(1.506332790223799;1.6614607034610656;18;0.17331314204140774),(1.1031739235223568;2.6112434733824816;18;0.3018738041397402),(-0.10522066499563865;3.0872427604761277;18;0.17696723469620576),(-0.9695808304511759;2.7380185850648755;18;0.24589451033277093),(-1.5084;1.5825171470642092;18;0.2911933504997335),(-1.0478226860003514;0.4974649922333876;18;0.27131889560778977),(0.10522066499563848;0.07779153365229008;18;0.2093659307797945),(1.0478226860003514;0.4974649922333878;18;0.20797087199654546),18,0.2347372175117485,0.1837850185225375,0.299366429153554,1.628894626777442,1.2220057999999199,0
1,22,male,right,60,correctiveLenses,1.582517147064209,107,(1.506332790223799;1.6614607034610656;18;0.35100827553961733),(1.1555014380006665;2.552097977515385;18;0.22473368094481955),(0.13146572236056753;3.085177229665798;18;0.3011615717600075),(-1.1555014380006663;2.552097977515385;18;0.2856051231088206),(-1.5047256134119187;1.4772964820685703;18;0.3043709114324891),(-1.0093166066317016;0.4615574923141075;18;0.31880654835648403),(0.02632520986999787;0.07434688369030851;18;0.3531997521171675),(0.9695808304511758;0.42701570906354247;18;0.3275415540397457),18,0.3083034271623939,0.36461380805166754,0.2856844592641895,0.7835261664684587,2.168824500000028,0
1,22,male,right,60,correctiveLenses,1.582517147064209,108,(1.5081702633739005;1.6088423569342074;12;0.2224403583782647),(1.1031739235223568;2.6112434733824816;12;0.32275214410351855),(0.02632520986999858;3.0906874104381092;12;0.2883524680632922),(-1.0287263263182724;2.6856910705865658;12;0.19022255946769595),(-1.506332790223799;1.6614607034610653;12;0.2623028294638999),(-1.0665998687417886;0.5159172783224208;12;0.3259265703541386),(-0.07894355639685718;0.07618435684040992;12;0.3926153895472627),(0.9895994393292808;0.4441132162561794;12;0.3779057020071673),12,0.29781475267315494,0.1879572955463499,0.3721425887973883,1.9799315994393987,2.07762809999997,0
1,22,male,right,60,correctiveLenses,1.582517147064209,109,(1.506332790223799;1.6614607034610656;6;0.1711274819301606),(0.9695808304511759;2.7380185850648755;6;0.25645704243587797),(0.02632520986999858;3.0906874104381092;6;0.31882747979099746),(-1.0665998687417881;2.6491170158059973;6;0.29833465226805234),(-1.502660082601589;1.4510514247036417;6;0.3156927187419467),(-1.0478226860003514;0.4974649922333876;6;0.20962067193690798),(-0.07894355639685718;0.07618435684040992;6;0.24891388702646916),(1.103173923522357;0.5537908207459366;6;0.23066288531580736),6,0.2562046024307775,0.31569494104457874,0.38372917393306705,1.2155062500000002,1.7665475000000015,0
1,22,male,right,60,correctiveLenses,1.582517147064209,110,(1.506332790223799;1.5035735906673524;6;0.2663171582563604),(1.0665998687417884;2.6491170158059973;6;0.27522171534309203),(0.1052206649956385;3.0872427604761277;6;0.28458134231165627),(-1.0093166066317016;2.7034768018143103;6;0.1697967028869084),(-1.5081702633739005;1.6088423569342074;6;0.3967103008283347),(-1.0287263263182729;0.4793432235418522;6;0.4118914614379733),(-2.770885847750801e-16;0.07411714706420902;6;0.4193424832885362),(1.066599868741788;0.5159172783224204;6;0.19221053471563632),6,0.30200896238356223,0.11191032202290409,0.311777970635612,2.785962590401644,3.5024058000000196,0
1,22,male,right,60,correctiveLenses,1.582517147064209,111,(1.5047256134119187;1.4772964820685703;18;0.3663483837169618),(1.0850521548308214;2.6303398330645607;18;0.40860766375208885),(0.13146572236056753;3.085177229665798;18;0.285398252457964),(-1.0287263263182724;2.6856910705865658;18;0.22947224302983227),(-1.5081702633739005;1.6088423569342074;18;0.2716518192462153),(-1.1555014380006665;0.6129363166130332;18;0.16629624126182554),(0.13146572236056717;0.07985706446261998;18;0.3360046571105822),(0.9695808304511758;0.42701570906354247;18;0.2028645288288498),18,0.28333047367554,0.33177801987316247,0.3483669208668206,1.05,1.9334529999999859,0
1,22,male,right,60,correctiveLenses,1.582517147064209,112,(1.5084;1.582517147064209;18;0.4220273683424962),(1.0287263263182727;2.6856910705865658;18;0.26181429442733534),(0.07894355639685667;3.088849937288008;18;0.3413202345510709),(-1.0665998687417881;2.6491170158059973;18;0.15597441038227663),(-1.507481123475604;1.6351595478902616;18;0.16263701783604945),(-1.0478226860003514;0.4974649922333876;18;0.16443207218936443),(0.07894355639685664;0.07618435684040992;18;0.2261064777561323),(1.085052154830821;0.5346944610638571;18;0.22658923605695708),18,0.2451126389427103,0.4217668621022227,0.2589282665488522,0.6139132535407591,1.3550367000000278,0
1,22,male,right,60,correctiveLenses,1.582517147064209,113,(1.506332790223799;1.6614607034610656;18;0.2550343178937293),(1.1209596547501015;2.5918337536959104;18;0.35061335418780515),(-0.05264240082605244;3.0899982705398132;18;0.2531162004565809),(-0.989599439329281;2.720921077872238;18;0.1555101335120215),(-1.5084;1.5825171470642092;18;0.28825188368703825),(-0.9895994393292812;0.4441132162561796;18;0.198481577582457),(0.02632520986999787;0.07434688369030851;18;0.3373604658307354),(0.9695808304511758;0.42701570906354247;18;0.15861891355032826),18,0.249623355837587,0.5000621280906183,0.3223445064300587,0.644608916217797,1.5002274000000853,0
1,22,male,right,60,correctiveLenses,1.582517147064209,114,(1.502660082601589;1.4510514247036415;6;0.2920199900848973),(1.0478226860003514;2.66756930189503;6;0.38724684922237007),(0.07894355639685667;3.088849937288008;6;0.263527709622092),(-1.1555014380006663;2.552097977515385;6;0.38651838053223725),(-1.506332790223799;1.5035735906673529;6;0.2584361516141566),(-1.0665998687417886;0.5159172783224208;6;0.3661958657739599),(-0.10522066499563902;0.0777915336522903;6;0.32491765334584044),(1.0478226860003514;0.4974649922333878;6;0.16304855999637333),6,0.3052388950239909,0.18973687568512415,0.28032777986851537,1.477455443789063,1.3533323999999993,0
1,22,male,right,60,correctiveLenses,1.582517147064209,115,(1.5047256134119187;1.4772964820685703;6;0.2703748016998021),(1.0478226860003514;2.66756930189503;6;0.39077784199186005),(0.05264240082605263;3.0899982705398132;6;0.27846199633945534),(-1.0850521548308216;2.63033983306456;6;0.1543889091029547),(-1.5084;1.5825171470642092;6;0.2806438039655894),(-1.1384039308080294;0.5929177077349281;6;0.1742392717744428),(-0.05264240082605215;0.07503602358860495;6;0.29287389305660394),(1.009316606631701;0.46155749231410703;6;0.23760895083646844),6,0.2599211835958971,0.31897683105760827,0.2158960748349638,0.6768393620286869,1.888884800000028,0
1,22,male,right,60,correctiveLenses,1.582517147064209,116,(1.5047256134119187;1.6877378120598476;6;0.16561203296745092),(1.1209596547501015;2.5918337536959104;6;0.4178366852045215),(-0.13146572236056767;3.085177229665798;6;0.3858117357381239),(-1.1384039308080294;2.57211658639349;6;0.1638472163021491),(-1.506332790223799;1.6614607034610653;6;0.3991419415017209),(-0.9695808304511762;0.4270157090635427;6;0.3275827283198745),(-2.770885847750801e-16;0.07411714706420902;6;0.2494520149018099),(1.1209596547501015;0.5732005404325073;6;0.29849221428762246),6,0.30097207115290914,0.3583674748200606,0.5559455753773305,1.5513282159785162,1.6110155000000077,0
1,22,male,right,60,correctiveLenses,1.582517147064209,117,(1.506332790223799;1.6614607034610656;6;0.3596297054947405),(1.0287263263182727;2.6856910705865658;6;0.2079022742032932),(9.236286159169338e-17;3.090917147064209;6;0.31711484645880755),(-1.1031739235223568;2.6112434733824816;6;0.3787060611591997),(-1.502660082601589;1.7139828694247765;6;0.4174188791091222),(-0.9695808304511762;0.4270157090635427;6;0.28716856501655147),(0.02632520986999787;0.07434688369030851;6;0.2548635415674284),(1.1384039308080292;0.5929177077349277;6;0.25154251377615844),6,0.30929329834816266,0.23894395004674324,0.3706804917448739,1.5513282159785162,1.0665672999999742,0
1,22,male,right,60,correctiveLenses,1.582517147064209,118,(1.502660082601589;1.7139828694247765;18;0.2179662916712671),(1.1555014380006665;2.552097977515385;18;0.19626683013499518),(0.1052206649956385;3.0872427604761277;18;0.41645185559046805),(-1.1031739235223568;2.6112434733824816;18;0.1894316412583532),(-1.506332790223799;1.5035735906673529;18;0.24202415437398256),(-1.0093166066317016;0.4615574923141075;18;0.2933888053468686),(-0.026325209869998426;0.07434688369030851;18;0.2971093480736577),(1.1384039308080292;0.5929177077349277;18;0.241039330227162),18,0.2617097820845943,0.34549541288907226,0.24553713958586132,0.7106813301301212,1.4443885000000591,0
1,22,male,right,60,correctiveLenses,1.582517147064209,119,(1.506332790223799;1.5035735906673524;6;0.32095299211062817),(1.1031739235223568;2.6112434733824816;6;0.2329357186182981),(0.13146572236056753;3.085177229665798;6;0.17531547383273086),(-0.989599439329281;2.720921077872238;6;0.3883070991881903),(-1.5084;1.5825171470642092;6;0.2720697108572946),(-0.9695808304511762;0.4270157090635427;6;0.37834012506631093),(0.10522066499563848;0.07779153365229008;6;0.3230332406389448),(1.155501438000666;0.6129363166130327;6;0.41738118106682603),6,0.313541942672403,0.41019645296151935,0.4522415893900751,1.1025,1.1666916000000356,0
1,22,male,right,60,correctiveLenses,1.582517147064209,120,(1.5084;1.582517147064209;18;0.3133593149412813),(1.0093166066317016;2.7034768018143103;18;0.28117378264095927),(0.07894355639685667;3.088849937288008;18;0.31174253268803553),(-1.1384039308080294;2.57211658639349;18;0.2964675668938427),(-1.506332790223799;1.5035735906673529;18;0.25479025656140064),(-1.1031739235223568;0.5537908207459366;18;0.16059500947391456),(-0.10522066499563902;0.0777915336522903;18;0.39009167682617885),(1.0478226860003514;0.4974649922333878;18;0.2653327240910871),18,0.2841941080145875,0.428458303381967,0.42845830338196694,0.9999999999999999,2.3114526000000524,0
1,22,male,right,60,correctiveLenses,1.582517147064209,121,(1.506332790223799;1.5035735906673524;6;0.27230455777074075),(1.0478226860003514;2.66756930189503;6;0.2996045939446844),(-0.07894355639685649;3.088849937288008;6;0.3458121342195549),(-1.1384039308080294;2.57211658639349;6;0.3043965269749101),(-1.5081702633739005;1.6088423569342074;6;0.3504961032978461),(-1.1555014380006665;0.6129363166130332;6;0.21968188778913272),(-0.07894355639685718;0.07618435684040992;6;0.2504620001128366),(1.1209596547501015;0.5732005404325073;6;0.2044397666165173),6,0.2808996963407779,0.370651551645531,0.23892529500067056,0.644608916217797,2.4777985999999146,0
1,22,male,right,60,correctiveLenses,1.582517147064209,122,(1.5047256134119187;1.6877378120598476;12;0.386356136563733),(1.1384039308080294;2.57211658639349;12;0.15959572756996068),(0.05264240082605263;3.0899982705398132;12;0.31114413015141285),(-0.989599439329281;2.720921077872238;12;0.3682618101221482),(-1.507481123475604;1.6351595478902616;12;0.24666180489131112),(-1.1384039308080294;0.5929177077349281;12;0.33091663632099777),(-0.1314657223605677;0.07985706446261998;12;0.28047245833554224),(1.066599868741788;0.5159172783224204;12;0.24401777846406414),12,0.2909283103023963,0.21080586596811696,0.2562358476209085,1.2155062500000002,2.5445006999999578,0
1,22,male,right,60,correctiveLenses,1.582517147064209,123,(1.506332790223799;1.5035735906673524;12;0.23389193592459312),(1.1555014380006665;2.552097977515385;12;0.20245255274951782),(0.13146572236056753;3.085177229665798;12;0.17068593475321772),(-1.0478226860003517;2.66756930189503;12;0.24145034114210512),(-1.5081702633739005;1.5561919371942103;12;0.271159500997343),(-1.0287263263182729;0.4793432235418522;12;0.36023123217320785),(-0.05264240082605215;0.07503602358860495;12;0.29269419139235164),(1.103173923522357;0.5537908207459366;12;0.27873984498885684),12,0.25641319176514915,0.26214370222515737,0.33456917387545865,1.2762815625000004,0.9672134999999571,0
1,22,male,right,60,correctiveLenses,1.582517147064209,124,(1.502660082601589;1.7139828694247765;6;0.3571264322092487),(1.1031739235223568;2.6112434733824816;6;0.3693708875042396),(0.13146572236056753;3.085177229665798;6;0.17072050644686204),(-1.0478226860003517;2.66756930189503;6;0.2965432815121417),(-1.5081702633739005;1.5561919371942103;6;0.31375382970602594),(-1.0093166066317016;0.4615574923141075;6;0.24258449932986126),(-0.026325209869998426;0.07434688369030851;6;0.4142981955738131),(1.1384039308080292;0.5929177077349277;6;0.2111319812472498),6,0.29694120169118027,0.5004811798955968,0.392140100273208,0.7835261664684586,3.189008899999976,0
1,22,male,right,60,correctiveLenses,1.582517147064209,125,(1.506332790223799;1.5035735906673524;18;0.2504415349289607),(1.1555014380006665;2.552097977515385;18;0.2523439704743044),(-0.13146572236056767;3.085177229665798;18;0.23100731367449256),(-1.0665998687417881;2.6491170158059973;18;0.32797663845843644),(-1.502660082601589;1.7139828694247765;18;0.31615533564769954),(-1.0665998687417886;0.5159172783224208;18;0.2563627146637022),(-0.1314657223605677;0.07985706446261998;18;0.40203324848965993),(1.085052154830821;0.5346944610638571;18;0.2620036564918426),18,0.2872905516036373,0.39844720808358086,0.3121938134897884,0.7835261664684589,1.6551741000000675,0
1,22,male,right,60,correctiveLenses,1.582517147064209,126,(1.506332790223799;1.6614607034610656;6;0.27458721502517314),(1.0665998687417884;2.6491170158059973;6;0.19766790413623744),(-0.05264240082605244;3.0899982705398132;6;0.3644853580027534),(-1.1031739235223568;2.6112434733824816;6;0.31403991054388447),(-1.5047256134119187;1.6877378120598479;6;0.24411902896041976),(-1.1209596547501015;0.5732005404325073;6;0.2932759937561846),(-0.1314657223605677;0.07985706446261998;6;0.19450828949123203),(1.103173923522357;0.5537908207459366;6;0.31157285598196305),6,0.274282069487231,0.42376457860362426,0.4672004479104957,1.1024999999999998,2.657946200000083,0
1,22,male,right,60,correctiveLenses,1.582517147064209,127,(1.5081702633739005;1.6088423569342074;18;0.19851618700881427),(1.1384039308080294;2.57211658639349;18;0.1730793496258189),(-0.13146572236056767;3.085177229665798;18;0.42219128801167277),(-1.1384039308080294;2.57211658639349;18;0.3861309170909526),(-1.502660082601589;1.7139828694247765;18;0.3881767048507566),(-1.1555014380006665;0.6129363166130332;18;0.4042147005771457),(-0.10522066499563902;0.0777915336522903;18;0.2944326983922666),(1.085052154830821;0.5346944610638571;18;0.4141379379774605),18,0.335109972941861,0.3458030666215182,0.46340918209425314,1.3400956406250004,0.9563236999999845,0
1,22,male,right,60,correctiveLenses,1.582517147064209,128,(1.5081702633739005;1.5561919371942106;18;0.33930797175653205),(1.0850521548308214;2.6303398330645607;18;0.3134919322438783),(0.1052206649956385;3.0872427604761277;18;0.4117339382646999),(-1.1031739235223568;2.6112434733824816;18;0.18916437562881397),(-1.5081702633739005;1.6088423569342074;18;0.2067213790805671),(-1.0287263263182729;0.4793432235418522;18;0.1946159491357162),(-0.10522066499563902;0.0777915336522903;18;0.23356070616198818),(1.066599868741788;0.5159172783224204;18;0.2855307830855006),18,0.27176587941971203,0.43304670124425815,0.30775820564873063,0.7106813301301212,1.2114233999999442,0
1,22,male,right,60,correctiveLenses,1.582517147064209,129,(1.507481123475604;1.6351595478902614;6;0.40250116303656425),(1.0665998687417884;2.6491170158059973;6;0.2730373687061399),(-0.026325209869998395;3.0906874104381092;6;0.3623694985502271),(-1.0478226860003517;2.66756930189503;6;0.2746567124542697),(-1.507481123475604;1.5298747462381566;6;0.1684290966818258),(-1.0287263263182729;0.4793432235418522;6;0.3293532155692273),(0.10522066499563848;0.07779153365229008;6;0.4228385636878595),(1.155501438000666;0.6129363166130327;6;0.19998302612460528),6,0.30414608060133985,0.31676532608054186,0.46800665542131425,1.477455443789063,1.2666186000000152,0
1,22,male,right,60,correctiveLenses,1.582517147064209,130,(1.5081702633739005;1.6088423569342074;18;0.407737951115319),(1.1209596547501015;2.5918337536959104;18;0.2480114413289345),(0.02632520986999858;3.0906874104381092;18;0.22447709364170199),(-1.1555014380006663;2.552097977515385;18;0.3090937840584274),(-1.5047256134119187;1.4772964820685703;18;0.3837916398208926),(-1.0665998687417886;0.5159172783224208;18;0.16927784949649302),(0.07894355639685664;0.07618435684040992;18;0.21627674726200158),(1.009316606631701;0.46155749231410703;18;0.29744107564516),18,0.28201344779611626,0.39243688931069337,0.37374941839113646,0.9523809523809522,1.8333825000000843,0
1,22,male,right,60,correctiveLenses,1.582517147064209,131,(1.506332790223799;1.5035735906673524;18;0.2369353735058607),(1.1555014380006665;2.552097977515385;18;0.3881934646850894),(-0.05264240082605244;3.0899982705398132;18;0.3946478637095602),(-1.0478226860003517;2.66756930189503;18;0.4207442369141725),(-1.507481123475604;1.5298747462381566;18;0.15540258845244204),(-1.0093166066317016;0.4615574923141075;18;0.2101840431272377),(-2.770885847750801e-16;0.07411714706420902;18;0.40342062194623346),(1.0478226860003514;0.4974649922333878;18;0.22339840456267043),18,0.3041158246129083,0.5189236643339116,0.3687893600048208,0.7106813301301212,1.766176900000005,0
1,22,male,right,60,correctiveLenses,1.582517147064209,132,(1.507481123475604;1.5298747462381566;12;0.22228564782058402),(1.0093166066317016;2.7034768018143103;12;0.4101941974980333),(-0.13146572236056767;3.085177229665798;12;0.16920983883044555),(-1.0850521548308216;2.63033983306456;12;0.3844578460348942),(-1.502660082601589;1.4510514247036417;12;0.1879838891711515),(-1.0850521548308212;0.5346944610638575;12;0.22101218274938256),(-2.770885847750801e-16;0.07411714706420902;12;0.1597028354610925),(1.103173923522357;0.5537908207459366;12;0.38715195693641924),12,0.26774979931275034,0.4191631805797709,0.38019336107008694,0.9070294784580497,2.02018750000002,0
1,22,male,right,60,correctiveLenses,1.582517147064209,133,(1.507481123475604;1.6351595478902614;12;0.3099756838542696),(1.0287263263182727;2.6856910705865658;12;0.15590619707104933),(0.1052206649956385;3.0872427604761277;12;0.25331124939549),(-1.0850521548308216;2.63033983306456;12;0.29260819347125966),(-1.507481123475604;1.5298747462381566;12;0.22212110928274775),(-1.0665998687417886;0.5159172783224208;12;0.16463787106262462),(-0.05264240082605215;0.07503602358860495;12;0.28536889943382426),(1.155501438000666;0.6129363166130327;12;0.3104133343987828),12,0.24929281724625602,0.33195844517694717,0.3010960953985915,0.9070294784580497,1.7222983999999997,0
1,22,male,right,60,correctiveLenses,1.582517147064209,134,(1.5047256134119187;1.4772964820685703;6;0.295351538418983),(1.1384039308080294;2.57211658639349;6;0.4239689302906278),(-0.05264240082605244;3.0899982705398132;6;0.3638612977206589),(-1.1555014380006663;2.552097977515385;6;0.36060875738607595),(-1.5081702633739005;1.6088423569342074;6;0.22768573064307052),(-1.0093166066317016;0.4615574923141075;6;0.1565819423439337),(-0.1314657223605677;0.07985706446261998;6;0.17586108053312927),(1.085052154830821;0.5346944610638571;6;0.35859787942933863),6,0.2953146445957272,0.5065345475296832,0.3428425199954803,0.6768393620286869,1.7110728000000108,0
1,22,male,right,60,correctiveLenses,1.582517147064209,135,(1.5047256134119187;1.4772964820685703;6;0.16055948395916905),(1.0287263263182727;2.6856910705865658;6;0.3467831742309596),(0.07894355639685667;3.088849937288008;6;0.1749061183710436),(-1.0093166066317016;2.7034768018143103;6;0.39565673233247267),(-1.5047256134119187;1.6877378120598479;6;0.4252490501483618),(-1.1384039308080294;0.5929177077349281;6;0.2749591190504909),(0.05264240082605293;0.07503602358860495;6;0.1885469068459587),(1.0478226860003514;0.4974649922333878;6;0.2119777865663964),6,0.2723297964381066,0.16241015246256313,0.3722470444410535,2.2920183178010345,2.644481300000052,0
1,22,male,right,60,correctiveLenses,1.582517147064209,136,(1.5081702633739005;1.6088423569342074;12;0.3367354806573431),(1.0093166066317016;2.7034768018143103;12;0.17215280257234702),(0.1052206649956385;3.0872427604761277;12;0.3235455944404225),(-1.1031739235223568;2.6112434733824816;12;0.20506829084429562),(-1.5047256134119187;1.4772964820685703;12;0.21826553938501497),(-1.0665998687417886;0.5159172783224208;12;0.38289304824140913),(-0.05264240082605215;0.07503602358860495;12;0.197719914050475),(1.009316606631701;0.46155749231410703;12;0.32964953893586946),12,0.27075377614089713,0.3725863985347235,0.32185413975572696,0.863837598531476,2.566560299999992,0
1,22,male,right,60,correctiveLenses,1.582517147064209,137,(1.506332790223799;1.5035735906673524;6;0.3706521656782255),(1.0478226860003514;2.66756930189503;6;0.29742377233736483),(0.1052206649956385;3.0872427604761277;6;0.3484208277691301),(-1.1555014380006663;2.552097977515385;6;0.3831841552397699),(-1.5047256134119187;1.6877378120598479;6;0.15490313337273348),(-1.0093166066317016;0.4615574923141075;6;0.18875798938245136),(-0.07894355639685718;0.07618435684040992;6;0.3339005871958054),(0.9695808304511758;0.42701570906354247;6;0.3157297921309815),6,0.2991215528883078,0.35369256734083265,0.2639308394256665,0.7462153966366274,1.9666002000000162,0
1,22,male,right,60,correctiveLenses,1.582517147064209,138,(1.507481123475604;1.5298747462381566;6;0.22418655957420824),(1.1031739235223568;2.6112434733824816;6;0.4205662606352044),(-0.13146572236056767;3.085177229665798;6;0.20189049265108788),(-0.9695808304511759;2.7380185850648755;6;0.2230516906484465),(-1.5084;1.5825171470642092;6;0.30099404573399224),(-1.1031739235223568;0.5537908207459366;6;0.183545865474537),(-0.026325209869998426;0.07434688369030851;6;0.2722066371159088),(1.066599868741788;0.5159172783224204;6;0.24246010217027253),6,0.25861270675045717,0.12563628863412268,0.4051895874023077,3.225099943713704,2.6666203999999425,0
1,22,male,right,60,correctiveLenses,1.582517147064209,139,(1.506332790223799;1.5035735906673524;6;0.19121842213330437),(1.1555014380006665;2.552097977515385;6;0.3313707344603365),(0.02632520986999858;3.0906874104381092;6;0.35399926025858564),(-1.0287263263182724;2.6856910705865658;6;0.34893434111465704),(-1.507481123475604;1.6351595478902616;6;0.3585018631238216),(-1.1555014380006665;0.6129363166130332;6;0.3658386135051719),(0.07894355639685664;0.07618435684040992;6;0.4186322422689491),(1.085052154830821;0.5346944610638571;6;0.3113544101982938),6,0.33498123588289,0.40795488503603333,0.319643327164364,0.7835261664684587,3.433388300000047,0
1,22,male,right,60,correctiveLenses,1.582517147064209,140,(1.5081702633739005;1.6088423569342074;6;0.2345583773969355),(1.1209596547501015;2.5918337536959104;6;0.39238829136093833),(-0.05264240082605244;3.0899982705398132;6;0.3125041194143976),(-1.0850521548308216;2.63033983306456;6;0.39620420745078777),(-1.506332790223799;1.6614607034610653;6;0.2940877697812268),(-0.9895994393292812;0.4441132162561796;6;0.19900867649810758),(0.13146572236056717;0.07985706446261998;6;0.2846317954282833),(1.103173923522357;0.5537908207459366;6;0.4128120556426007),6,0.31577441162165965,0.3501478179534718,0.46923156441380376,1.3400956406250004,6.386521000000016,0
1,22,male,right,60,correctiveLenses,1.582517147064209,141,(1.506332790223799;1.5035735906673524;12;0.16541086754030762),(1.1031739235223568;2.6112434733824816;12;0.2688152878710757),(0.13146572236056753;3.085177229665798;12;0.1923494102239827),(-1.0093166066317016;2.7034768018143103;12;0.36156029789966065),(-1.507481123475604;1.5298747462381566;12;0.2054211675378989),(-0.9895994393292812;0.4441132162561796;12;0.36337811026197353),(-0.07894355639685718;0.07618435684040992;12;0.4098697697742919),(1.0478226860003514;0.4974649922333878;12;0.42487972147981073),12,0.2989605790736252,0.5064653914712689,0.28201888098314815,0.5568374181775592,2.18893300000002,0
1,22,male,right,60,correctiveLenses,1.582517147064209,142,(1.5084;1.582517147064209;12;0.2113827232308185),(1.0287263263182727;2.6856910705865658;12;0.21545805958754877),(0.1052206649956385;3.0872427604761277;12;0.20474525937425464),(-1.1209596547501013;2.591833753695911;12;0.188028554102657),(-1.506332790223799;1.6614607034610653;12;0.1532339686459647),(-1.0093166066317016;0.4615574923141075;12;0.24206520550772473),(0.05264240082605293;0.07503602358860495;12;0.3509908585832472),(1.1384039308080292;0.5929177077349277;12;0.3686428900220814),12,0.24181843988178708,0.21370986543131446,0.24739588296992543,1.1576250000000001,2.81106340000008,0
1,22,male,right,60,correctiveLenses,1.582517147064209,143,(1.507481123475604;1.6351595478902614;6;0.2633382632515903),(0.9695808304511759;2.7380185850648755;6;0.16572117607294068),(-0.07894355639685649;3.088849937288008;6;0.278590264271397),(-1.0093166066317016;2.7034768018143103;6;0.2151990278316986),(-1.5047256134119187;1.4772964820685703;6;0.2677620223272069),(-1.0287263263182729;0.4793432235418522;6;0.1668878954961862),(0.07894355639685664;0.07618435684040992;6;0.346673319804394),(1.0287263263182729;0.47934322354185244;6;0.39961489534876815),6,0.26297335805052274,0.1762110531350037,0.38464663008041894,2.1828745883819374,1.7666444000000183,0
1,22,male,right,60,correctiveLenses,1.582517147064209,144,(1.5047256134119187;1.6877378120598476;12;0.19042907392251054),(0.9695808304511759;2.7380185850648755;12;0.3538414236074354),(0.07894355639685667;3.088849937288008;12;0.386782613798335),(-1.1031739235223568;2.6112434733824816;12;0.2619376610188777),(-1.507481123475604;1.6351595478902616;12;0.2916214259263439),(-1.0478226860003514;0.4974649922333876;12;0.3735776891430873),(-0.1314657223605677;0.07985706446261998;12;0.2949106179596326),(1.1209596547501015;0.5732005404325073;12;0.2581585731158938),12,0.3014073848115145,0.11435933233534258,0.30342935404721283,2.6532977051444226,2.1469178999999485,0
1,22,male,right,60,correctiveLenses,1.582517147064209,145,(1.507481123475604;1.6351595478902614;6;0.365342202203208),(1.0850521548308214;2.6303398330645607;6;0.3165397595044961),(0.02632520986999858;3.0906874104381092;6;0.24849946989314237),(-1.1555014380006663;2.552097977515385;6;0.17203191542033472),(-1.502660082601589;1.4510514247036417;6;0.15962666689841584),(-1.0478226860003514;0.4974649922333876;6;0.4226941377958705),(0.02632520986999787;0.07434688369030851;6;0.20013336728660325),(1.0287263263182729;0.47934322354185244;6;0.18233966277955457),6,0.25840089772270314,0.4031872581244304,0.19393996489026835,0.48101709809096993,2.2342158000000154,0
1,22,male,right,60,correctiveLenses,1.582517147064209,146,(1.5047256134119187;1.6877378120598476;12;0.29215912375852626),(1.0478226860003514;2.66756930189503;12;0.38322868781545516),(0.13146572236056753;3.085177229665798;12;0.4077699713324785),(-1.1209596547501013;2.591833753695911;12;0.2595724619884259),(-1.506332790223799;1.6614607034610653;12;0.23390980771252332),(-1.0478226860003514;0.4974649922333876;12;0.31508999297235807),(-0.05264240082605215;0.07503602358860495;12;0.2915833139362796),(0.9895994393292808;0.4441132162561794;12;0.32549935040375577),12,0.31360158873997535,0.16022919716189174,0.3672482549416094,2.2920183178010345,3.7777622999999494,0
1,22,male,right,60,correctiveLenses,1.582517147064209,147,(1.5084;1.582517147064209;18;0.3768631856038335),(1.0665998687417884;2.6491170158059973;18;0.2927836895768945),(0.13146572236056753;3.085177229665798;18;0.3884621596369799),(-1.0665998687417881;2.6491170158059973;18;0.16169326666419576),(-1.5047256134119187;1.4772964820685703;18;0.1689359620831755),(-0.9695808304511762;0.4270157090635427;18;0.32195807454554365),(-0.07894355639685718;0.07618435684040992;18;0.23577087804308666),(1.1384039308080292;0.5929177077349277;18;0.33378832434587835),18,0.28503194256244846,0.3592639898195499,0.3421561807805236,0.9523809523809522,2.777702500000032,0
1,22,male,right,60,correctiveLenses,1.582517147064209,148,(1.502660082601589;1.7139828694247765;18;0.3760911457269698),(0.9895994393292812;2.720921077872238;18;0.25512755676827903),(-0.13146572236056767;3.085177229665798;18;0.15323864463247985),(-1.0850521548308216;2.63033983306456;18;0.1577430793078805),(-1.5084;1.5825171470642092;18;0.29860095554752475),(-1.0850521548308212;0.5346944610638575;18;0.33149349552808816),(0.07894355639685664;0.07618435684040992;18;0.1642744406510835),(1.066599868741788;0.5159172783224204;18;0.2957791494342181),18,0.25404355844956544,0.520415559865516,0.25032878240789797,0.48101709809096993,1.466739500000017,0
1,22,male,right,60,correctiveLenses,1.582517147064209,149,(1.506332790223799;1.5035735906673524;12;0.19682437162307326),(1.0478226860003514;2.66756930189503;12;0.16301582407982412),(0.02632520986999858;3.0906874104381092;12;0.2235201180047407),(-1.1031739235223568;2.6112434733824816;12;0.24329530515135672),(-1.5047256134119187;1.4772964820685703;12;0.4002671078488472),(-0.9695808304511762;0.4270157090635427;12;0.3174457506446612),(-0.026325209869998426;0.07434688369030851;12;0.25898229996046046),(1.0478226860003514;0.4974649922333878;12;0.1707804792040143),12,0.24676640706462227,0.4986810098329355,0.25186779683405874,0.5050679529955184,1.7645582000000104,0
1,22,male,right,60,correctiveLenses,1.582517147064209,150,(1.5081702633739005;1.5561919371942106;18;0.39388136604245283),(1.0093166066317016;2.7034768018143103;18;0.19786741650944284),(-0.05264240082605244;3.0899982705398132;18;0.31459051783573694),(-1.0478226860003517;2.66756930189503;18;0.1964839574134704),(-1.5047256134119187;1.6877378120598479;18;0.34118100220837405),(-1.1209596547501015;0.5732005404325073;18;0.41747046258375725),(0.02632520986999787;0.07434688369030851;18;0.27184730201273766),(1.103173923522357;0.5537908207459366;18;0.33624670933447),18,0.30869609174255525,0.5195307904101297,0.3516388887354516,0.6768393620286869,1.2666424000000234,0
